step,Gt_log,Gt_log_EMA,Sm_log_avg,Sm_log_std,Sm_log_cls_avg,Sm_raw_cls_avg,TaskHead_Sm_log_task,TaskHead_Sm_raw_task,lambda_max_est,lambda_max_EMA,gamma_t,noise_std,module_loss_avg,module_policy_loss_avg,module_pred_loss_avg,meta_loss,module_entropy_avg,module_grad_norm_avg,meta_grad_norm,cls_norm,cls_density,OOD_Accuracy,OOD_Loss
0,0.09281187877058983,0.09281187877058983,0.09281187877058983,0.0002224732538732462,0.09281187877058983,0.09725531749427319,9.735397338867188,16903.09765625,NaN,-0.01,0.10000734776258469,0.05,382.4748840332031,379.9482192993164,2.5266613140702248,0.012824158184230328,-3619.41650390625,0.017186173380375945,0.006548330926309512,19.619340896606445,0.0498046875,NaN,NaN
200,1.124199390411377,0.8316226035848561,1.124199390411377,0.06111823958429591,1.124199390411377,2.083593010902405,9.343461036682129,11484.927734375,NaN,-0.01,0.05836431682109833,0.049510000000000005,3074.6359786987305,3071.175926208496,3.4600645899772644,0.11502302438020706,-3619.41650390625,351.5067757290025,0.04250124856091312,97.59083557128906,0.0498046875,NaN,NaN
400,0.3222607518546283,0.6863217617794125,0.3222607518546283,0.518886295157546,0.3222607518546283,0.6147931001614779,9.317943572998047,11275.9228515625,NaN,-0.01,0.01001274585723877,0.04902,183.29712867736816,180.6453800201416,2.6517465258948505,0.09496204555034637,-3619.41650390625,23.668115953080882,0.0195066274469475,99.23372650146484,0.0498046875,NaN,NaN
600,0.3071020320057869,0.358517893795287,0.3071020320057869,0.5219228463174467,0.3071020320057869,0.5936328112147748,9.261324882507324,10632.306640625,NaN,-0.01,0.010016679763793945,0.048530000000000004,138.95654296875,136.33411312103271,2.622433193027973,0.04960612580180168,-3619.41650390625,10.186104953842541,0.004678615004240325,99.59840393066406,0.0498046875,NaN,NaN
800,0.3049712358042598,0.3132274500617909,0.3049712358042598,0.5169994373929171,0.3049712358042598,0.585271809133701,8.972302436828613,8427.7880859375,NaN,-0.01,0.010017797350883484,0.04804,137.0884952545166,134.540452003479,2.5480468152090907,0.04333960637450218,-3619.41650390625,12.551790399801828,0.0008184827870270665,99.7041015625,0.0498046875,NaN,NaN
1000,0.30079419596586376,0.30407601766122655,0.30079419596586376,0.5088877677758522,0.30079419596586376,0.570655673625879,9.982219696044922,22385.466796875,NaN,-0.01,0.010018154978752136,0.04755,148.1106481552124,145.31429958343506,2.7963491497794166,0.04207337647676468,-3619.41650390625,13.047760073930016,0.00045185191073147637,99.73048400878906,0.0498046875,NaN,NaN
1200,0.298199046170339,0.29926529476127334,0.298199046170339,0.5017166104419171,0.298199046170339,0.5596711083780974,9.564088821411133,15034.0302734375,NaN,-0.01,0.010018445551395416,0.047060000000000005,148.92535209655762,146.2361297607422,2.6892213707324117,0.041407741606235504,-3619.41650390625,16.478127768416574,0.0004892705638073385,99.74516296386719,0.0498046875,NaN,NaN
1400,0.29196387552656233,0.2941864496800375,0.29196387552656233,0.49084544122298207,0.29196387552656233,0.5398195523303002,4.466524124145508,162.2919158935547,NaN,-0.01,0.010018855333328247,0.04657,100.9655590057373,99.55696487426758,1.4085949363652617,0.040705010294914246,-3619.41650390625,13.745324310451913,0.000702135995984915,99.7192611694336,0.0498046875,NaN,NaN
1600,0.28755320329219103,0.2891409392840541,0.28755320329219103,0.48249135823153666,0.28755320329219103,0.525480282260105,8.861629486083984,7687.4638671875,NaN,-0.01,0.010019443929195404,0.04608,141.74661445617676,139.24365234375,2.5029606046155095,0.04000687971711159,-3619.41650390625,17.5181198404818,0.0009668038010518472,99.70452880859375,0.0498046875,NaN,NaN
1800,0.2832530976738781,0.2846928623033584,0.2832530976738781,0.47465549802040813,0.2832530976738781,0.5120332634542137,8.238855361938477,4317.50341796875,NaN,-0.01,0.010020360350608826,0.045590000000000006,137.98108100891113,135.63811492919922,2.3429670573677868,0.039391424506902695,-3619.41650390625,16.99035514877333,0.0014176735198014952,99.73910522460938,0.0498046875,NaN,NaN
2000,0.27664820465724915,0.2800468732471688,0.27664820465724915,0.46817253747629406,0.27664820465724915,0.4965233317343518,6.6412458419799805,548.48583984375,NaN,-0.01,0.01002223789691925,0.0451,116.33449268341064,114.39753341674805,1.9369596651522443,0.038748547434806824,-3619.41650390625,12.720750566275989,0.003209440829687479,99.77643585205078,0.0498046875,NaN,NaN
2200,0.27830791112501174,0.2805100516169691,0.27830791112501174,0.46881339773405273,0.27830791112501174,0.4995546240825206,9.691059112548828,17353.466796875,NaN,-0.01,0.010029077529907227,0.044610000000000004,148.85829734802246,146.15722560882568,2.7010727488668635,0.038811326026916504,-3619.41650390625,17.54064055468146,0.016773841140351853,99.77605438232422,0.0498046875,NaN,NaN
2400,0.2734850477427244,0.27578762361469267,0.2734850477427244,0.45894678551025375,0.2734850477427244,0.4840939480345696,9.150988578796387,10352.2998046875,NaN,-0.01,0.03429950028657913,0.044120000000000006,144.00802421569824,141.44679260253906,2.561232192441821,0.03815918043255806,-3619.41650390625,16.946754349887687,0.0012306836348076964,99.79986572265625,0.0498046875,NaN,NaN
2600,0.26746180234476924,0.26995726515448765,0.26746180234476924,0.4470083568584552,0.26746180234476924,0.46557901869527996,8.08817195892334,2732.76953125,NaN,-0.01,0.03475145995616913,0.04363,137.85648155212402,135.56697463989258,2.289504851680249,0.0373525470495224,-3619.41650390625,18.05645666856669,0.0001505180977898503,99.75830078125,0.0498046875,NaN,NaN
2800,0.2610682814847678,0.26398101763808984,0.2610682814847678,0.4391152234492238,0.2610682814847678,0.450115495827049,9.546529769897461,15088.1806640625,NaN,-0.01,0.035072922706604004,0.043140000000000005,144.86150741577148,142.21380424499512,2.6477006643544883,0.03652564436197281,-3619.41650390625,17.259829486473947,0.00010471974628120393,99.79806518554688,0.0498046875,NaN,NaN
3000,0.2581441772636026,0.2596789556404049,0.2581441772636026,0.4315985254535068,0.2581441772636026,0.44020215794444084,7.530190944671631,1459.17919921875,NaN,-0.01,0.03532722592353821,0.04265,131.4513702392578,129.31067848205566,2.1406919432338327,0.035930391401052475,-3619.41650390625,19.4306217808424,9.830374080065713e-05,99.7923355102539,0.0498046875,NaN,NaN
3200,0.2527832370251417,0.2552896946130331,0.2527832370251417,0.42308637899280055,0.2527832370251417,0.4262611703015864,10.125965118408203,26510.578125,NaN,-0.01,0.03559384495019913,0.04216,152.8109130859375,150.02664184570312,2.7842744272202253,0.03532307595014572,-3619.41650390625,20.569873800440476,0.00012560103117936674,99.76739501953125,0.0498046875,NaN,NaN
3400,0.24736970337107778,0.24982398139192508,0.24736970337107778,0.41389727840142027,0.24736970337107778,0.41204313235357404,9.146829605102539,10356.099609375,NaN,-0.01,0.03593108057975769,0.04167,146.4912815093994,143.95720672607422,2.5340771642513573,0.034566812217235565,-3619.41650390625,20.759262968788093,0.0001274376786674256,99.79247283935547,0.0498046875,NaN,NaN
3600,0.24443537881597877,0.24523693668726235,0.24443537881597877,0.4039394305654132,0.24443537881597877,0.401074226712808,8.834027290344238,7708.625,NaN,-0.01,0.03624117374420166,0.04118,150.40161514282227,147.94867324829102,2.4529423057101667,0.03393212705850601,-3619.41650390625,23.22358351513196,0.0001271508741466549,99.7585678100586,0.0498046875,NaN,NaN
3800,0.23715355433523655,0.2405513612167443,0.23715355433523655,0.3986857566450847,0.23715355433523655,0.3874175156233832,10.382142066955566,34160.43359375,NaN,-0.01,0.03657156974077225,0.040690000000000004,151.64115142822266,148.80846118927002,2.832688981667161,0.03328380733728409,-3619.41650390625,21.470148386792708,0.0001212285798256619,99.82624816894531,0.0498046875,NaN,NaN
4000,0.23268783488310874,0.23549437279681665,0.23268783488310874,0.3874369278298547,0.23268783488310874,0.3739911443553865,6.9903645515441895,1435.389892578125,NaN,-0.01,0.03693936765193939,0.0402,124.82852745056152,122.84825134277344,1.9802789131645113,0.03258410096168518,-3619.41650390625,19.81687920934444,0.00015465761223183727,99.81294250488281,0.0498046875,NaN,NaN
4200,0.2318602406885475,0.23303812472091132,0.2318602406885475,0.3837064724795484,0.2318602406885475,0.3705129944719374,6.085859298706055,671.5183715820312,NaN,-0.01,0.03719005733728409,0.03971,120.99078178405762,119.23745346069336,1.753325124969706,0.0322442427277565,-3619.41650390625,22.83725299929089,0.00013052058339697536,99.808349609375,0.0498046875,NaN,NaN
4400,0.22591945971362293,0.2280074243888517,0.22591945971362293,0.3753001147334225,0.22591945971362293,0.3572558010928333,9.716569900512695,17936.126953125,NaN,-0.01,0.037606388330459595,0.039220000000000005,151.95614051818848,149.3010768890381,2.655061964644119,0.03154816851019859,-3619.41650390625,27.11067151392021,0.0001579134371448566,99.8112564086914,0.0498046875,NaN,NaN
4600,0.2191894497955218,0.22266530109540092,0.2191894497955218,0.366248967771839,0.2191894497955218,0.3428167145466432,7.5325493812561035,1451.1253662109375,NaN,-0.01,0.03807346522808075,0.03873,128.0019359588623,125.89960670471191,2.10232682491187,0.030809007585048676,-3619.41650390625,22.79755003197214,0.00015598258807548546,99.8225326538086,0.0498046875,NaN,NaN
4800,0.21399574750103056,0.2170663388164,0.21399574750103056,0.3568995674753269,0.21399574750103056,0.3305501288268715,6.211634159088135,293.15045166015625,NaN,-0.01,0.03858999162912369,0.03824,117.24168586730957,115.47478294372559,1.7669042574707419,0.03003430925309658,-3619.41650390625,19.62511609676716,0.00016139396991184321,99.8418960571289,0.0498046875,NaN,NaN
5000,0.20800094469450414,0.2115884442705122,0.20800094469450414,0.3475342776879648,0.20800094469450414,0.3174820280401036,5.63796854019165,477.8777160644531,NaN,-0.01,0.039136454463005066,0.037750000000000006,108.23123168945312,106.61373710632324,1.6174930797424167,0.02927636355161667,-3619.41650390625,17.779581334952425,0.00015149564951409312,99.83385467529297,0.0498046875,NaN,NaN
5200,0.20279349060729146,0.20615690464068362,0.20279349060729146,0.33842221063584593,0.20279349060729146,0.3058499958133325,7.507097244262695,2291.9970703125,NaN,-0.01,0.039715856313705444,0.03726,126.36103343963623,124.28146648406982,2.079567712265998,0.02852483093738556,-3619.41650390625,23.092986430926153,0.0001636396429966444,99.84013366699219,0.0498046875,NaN,NaN
5400,0.19870238052681088,0.20063179305561427,0.19870238052681088,0.32779195524352894,0.19870238052681088,0.29515298921614885,7.301958084106445,1099.4996337890625,NaN,-0.01,0.040347568690776825,0.03677,129.2761344909668,127.2519416809082,2.024191901553422,0.027760347351431847,-3619.41650390625,25.588146276776083,0.00017429828055139153,99.78943634033203,0.0498046875,NaN,NaN
5600,0.19349197205156088,0.19522099155893535,0.19349197205156088,0.3181187739398408,0.19349197205156088,0.28374759410507977,5.620326042175293,125.51660919189453,NaN,-0.01,0.04102274030447006,0.03628,114.35262870788574,112.75405502319336,1.5985734378919005,0.027011685073375702,-3619.41650390625,21.815884488179464,0.00016096290328453333,99.80924987792969,0.0498046875,NaN,NaN
5800,0.18551157251931727,0.18909978775019307,0.18551157251931727,0.30795362098965157,0.18551157251931727,0.2688533515902236,4.285009384155273,190.07638549804688,NaN,-0.01,0.04180097579956055,0.03579,97.10028457641602,95.84352207183838,1.2567639632616192,0.026164725422859192,-3619.41650390625,19.281627579957743,0.00017445265382406806,99.81543731689453,0.0498046875,NaN,NaN
6000,0.17811654461547732,0.18224454734781287,0.17811654461547732,0.2939916048898017,0.17811654461547732,0.25340905552729964,4.572851181030273,26.986183166503906,NaN,-0.01,0.04268672689795494,0.035300000000000005,101.04082298278809,99.7194938659668,1.3213293547742069,0.025216201320290565,-3619.41650390625,19.39203221485378,0.0002150574818457295,99.80805969238281,0.0498046875,NaN,NaN
6200,0.17604828206822276,0.1776560996606552,0.17604828206822276,0.2871124843442968,0.17604828206822276,0.24794731033034623,8.091195106506348,2820.974365234375,NaN,-0.01,0.04347474128007889,0.03481,138.76304054260254,136.56419563293457,2.198847073595971,0.024581320583820343,-3619.41650390625,32.38718575778549,0.0001767212482972418,99.80426788330078,0.0498046875,NaN,NaN
6400,0.16739852738101035,0.17136933428192855,0.16739852738101035,0.2785812793948809,0.16739852738101035,0.23378055868670344,8.39723014831543,4745.751953125,NaN,-0.01,0.04446256533265114,0.03432,131.22157192230225,128.95486545562744,2.2667061240645126,0.02371145598590374,-3619.41650390625,30.642656749190323,0.00017145201732034058,99.85972595214844,0.0498046875,NaN,NaN
6600,0.16483868774957955,0.16659300635032068,0.16483868774957955,0.26996646048972517,0.16483868774957955,0.22730709821917117,8.937431335449219,7900.279296875,NaN,-0.01,0.04538775235414505,0.03383,143.67534065246582,141.2761459350586,2.399196417303756,0.02305058017373085,-3619.41650390625,33.30478059877054,0.00016566389128264762,99.8280258178711,0.0498046875,NaN,NaN
6800,0.15998655115254223,0.16233209096229592,0.15998655115254223,0.26350963840403013,0.15998655115254223,0.2189713972620666,9.23139762878418,10380.9716796875,NaN,-0.01,0.04634305089712143,0.03334,143.33915519714355,140.8713150024414,2.4678360030520707,0.022461021319031715,-3619.41650390625,34.61377861335692,0.00015811849569584698,99.81526184082031,0.0498046875,NaN,NaN
7000,0.15611034305766225,0.15856592594044233,0.15611034305766225,0.2578214844628194,0.15611034305766225,0.2122102805878967,9.818792343139648,18464.85546875,NaN,-0.01,0.04734179750084877,0.032850000000000004,145.5733823776245,142.96257781982422,2.6108085331507027,0.021939916536211967,-3619.41650390625,31.965553906725788,0.00015778741011377839,99.83634185791016,0.0498046875,NaN,NaN
7200,0.15305576217360795,0.15472800979540863,0.15305576217360795,0.25045468934719317,0.15305576217360795,0.20595002523623407,3.7874085903167725,37.67715072631836,NaN,-0.01,0.04845117777585983,0.03236,94.59263801574707,93.49272918701172,1.0999079395551234,0.021408885717391968,-3619.41650390625,19.584796615319203,0.00016761764560971391,99.82132720947266,0.0498046875,NaN,NaN
7400,0.15076227113604546,0.15140568642463623,0.15076227113604546,0.245605808098456,0.15076227113604546,0.20155154797248542,8.415529251098633,4379.16650390625,NaN,-0.01,0.04963457211852074,0.03187,138.90799522399902,136.65335083007812,2.2546446435153484,0.020949194207787514,-3619.41650390625,35.088426574557936,0.00015671119290554052,99.83738708496094,0.0498046875,NaN,NaN
7600,0.14606225094757974,0.14815830196588398,0.14606225094757974,0.239558496241242,0.14606225094757974,0.193938939133659,5.90207576751709,393.10357666015625,NaN,-0.01,0.05091791972517967,0.031380000000000005,111.37381744384766,109.7522382736206,1.6215812226291746,0.02049986831843853,-3619.41650390625,23.602620382458184,0.00017224570831800293,99.8369369506836,0.0498046875,NaN,NaN
7800,0.1420998170506209,0.14449926228783827,0.1420998170506209,0.23251973276912208,0.1420998170506209,0.18699534889310598,6.179986476898193,449.03680419921875,NaN,-0.01,0.052395232021808624,0.03089,113.7007064819336,112.01361274719238,1.6870963766705245,0.019993584603071213,-3619.41650390625,27.447210281907434,0.00019518600980941833,99.82540130615234,0.0498046875,NaN,NaN
8000,0.14087825105525553,0.14154851641301275,0.14087825105525553,0.228599348089868,0.14087825105525553,0.18434336222708225,6.279788017272949,451.5218811035156,NaN,-0.01,0.05397922173142433,0.0304,119.29656982421875,117.58574295043945,1.7108252106700093,0.01958530955016613,-3619.41650390625,27.495190177752924,0.00016724439332847533,99.80670928955078,0.0498046875,NaN,NaN
8200,0.14001694764010608,0.14195247578238682,0.14001694764010608,0.22949370855733278,0.14001694764010608,0.1835958370938897,9.563262939453125,14609.666015625,NaN,-0.01,0.05523230880498886,0.029910000000000003,144.41466617584229,141.8838348388672,2.5308327123057097,0.019641200080513954,-3619.41650390625,35.9999928080272,0.00019706213229343534,99.85338592529297,0.0498046875,NaN,NaN
8400,0.1376283122226596,0.1387225244313885,0.1376283122226596,0.22289050607714905,0.1376283122226596,0.17879664339125156,9.91698932647705,20691.61328125,NaN,-0.01,0.05731424689292908,0.02942,152.17373085021973,149.5568561553955,2.6168757481500506,0.019194286316633224,-3619.41650390625,38.00025231654618,0.00021977324525899422,99.82087707519531,0.0498046875,NaN,NaN
8600,0.1335546316113323,0.13484845852969096,0.1335546316113323,0.21671489842165273,0.1335546316113323,0.17222409509122372,9.41910457611084,12508.91015625,NaN,-0.01,0.059707753360271454,0.02893,144.7091293334961,142.22080039978027,2.4883307905402035,0.01865825243294239,-3619.41650390625,32.61163056740807,0.00021674904330134105,99.82008361816406,0.0498046875,NaN,NaN
8800,0.12906495272181928,0.1308123242185831,0.12906495272181928,0.20953678580783822,0.12906495272181928,0.16498450795188546,9.372770309448242,11852.2275390625,NaN,-0.01,0.062247857451438904,0.028440000000000003,144.39863967895508,141.9263801574707,2.4722574406769127,0.018099792301654816,-3619.41650390625,33.58217563858617,0.000202975231740789,99.8384017944336,0.0498046875,NaN,NaN
9000,0.12666747928597033,0.12775161311966163,0.12666747928597033,0.2047621660337447,0.12666747928597033,0.1609174869954586,8.310345649719238,3989.612060546875,NaN,-0.01,0.06475047767162323,0.027950000000000003,135.0506935119629,132.846435546875,2.204253928968683,0.017676303163170815,-3619.41650390625,35.635200515780696,0.00018644434830747858,99.83675384521484,0.0498046875,NaN,NaN
9200,0.12251138710416853,0.12488156322837267,0.12251138710416853,0.2008207580251731,0.12251138710416853,0.15507763403002173,9.348095893859863,11623.087890625,NaN,-0.01,0.06736160814762115,0.027460000000000002,139.0154848098755,136.55594635009766,2.4595354723278433,0.017279189079999924,-3619.41650390625,37.38161635413513,0.00018106103639988486,99.86369323730469,0.0498046875,NaN,NaN
9400,0.12098144879564643,0.12221904900073519,0.12098144879564643,0.19479591871783294,0.12098144879564643,0.15179087105207145,2.215348482131958,4.840599060058594,NaN,-0.01,0.0701272115111351,0.026970000000000004,80.67092704772949,79.99610710144043,0.6748185618780553,0.016910789534449577,-3619.41650390625,17.301533925144888,0.00018147008768352774,99.8380355834961,0.0498046875,NaN,NaN
9600,0.1173436027020216,0.11937908558638705,0.1173436027020216,0.19069736877769614,0.1173436027020216,0.14660731435287744,8.34300422668457,4322.6923828125,NaN,-0.01,0.07313339412212372,0.026480000000000004,133.2209529876709,131.0178575515747,2.203094718977809,0.016517838463187218,-3619.41650390625,34.790014696340954,0.00018150778985200053,99.8570327758789,0.0498046875,NaN,NaN
9800,0.11479250306729227,0.11669215259754806,0.11479250306729227,0.18610747689348967,0.11479250306729227,0.14259598206263036,5.525296211242676,279.86907958984375,NaN,-0.01,0.07631745934486389,0.025990000000000003,107.18431758880615,105.68820190429688,1.4961165260756388,0.016146061941981316,-3619.41650390625,24.366567918228903,0.00018138450444732276,99.86117553710938,0.0498046875,NaN,NaN
10000,0.11172918253578246,0.11329892308990128,0.11172918253578246,0.1788463225529127,0.11172918253578246,0.13744273129850626,7.987325191497803,2999.600830078125,NaN,-0.01,0.07982034236192703,0.025500000000000002,132.13798141479492,130.02942276000977,2.108560391003266,0.015676556155085564,-3619.41650390625,35.29502259707033,0.00018929677908774247,99.82967376708984,0.0498046875,NaN,NaN
10200,0.11191743751987815,0.11305894795787017,0.11191743751987815,0.17993765222342273,0.11191743751987815,0.1379014749545604,9.592477798461914,14850.5869140625,NaN,-0.01,0.0830332487821579,0.02501,146.93581008911133,144.42577362060547,2.51003680517897,0.015643352642655373,-3619.41650390625,42.5183090105684,0.00018380132876202017,99.82435607910156,0.0498046875,NaN,NaN
10400,0.10641089850105345,0.10883784937494255,0.10641089850105345,0.1714381834096443,0.10641089850105345,0.12980188732035458,9.750330924987793,17372.2265625,NaN,-0.01,0.08755478262901306,0.02452,148.44396305084229,145.89996814727783,2.5439937042538077,0.015059296041727066,-3619.41650390625,34.27261497544407,0.00022437491441865503,99.82672119140625,0.0498046875,NaN,NaN
10600,0.10390757885761559,0.10527471240638117,0.10390757885761559,0.1661985862467946,0.10390757885761559,0.12588842888362706,7.940232753753662,2890.03564453125,NaN,-0.01,0.092372365295887,0.02403,132.46515464782715,130.37619018554688,2.0889657225925475,0.014566288329660892,-3619.41650390625,34.73192459164152,0.00018799659298416064,99.83477783203125,0.0498046875,NaN,NaN
10800,0.09920857625547796,0.10209085632053067,0.09920857625547796,0.158897236458431,0.09920857625547796,0.11916224425658584,4.39471435546875,68.26708984375,NaN,-0.01,0.09700522571802139,0.02354,96.7979326248169,95.60004711151123,1.197887209826149,0.014125753194093704,-3619.41650390625,25.043683034428632,0.00020261613373631158,99.84220123291016,0.0498046875,NaN,NaN
11000,0.09701048536226153,0.09862052935737561,0.09701048536226153,0.15473137918249594,0.09701048536226153,0.11591257445979863,8.441551208496094,4722.18359375,NaN,-0.01,0.10260117799043655,0.02305,135.21901988983154,133.01161766052246,2.2073982949368656,0.013645580038428307,-3619.41650390625,36.44924841563709,0.00021590291579586334,99.84458923339844,0.0498046875,NaN,NaN
11200,0.09593514166772366,0.09634587420088772,0.09593514166772366,0.15094853570474565,0.09593514166772366,0.11401452589780092,8.863081932067871,7173.33740234375,NaN,-0.01,0.10951056331396103,0.02256,142.64034843444824,140.32864379882812,2.311705617234111,0.013330826535820961,-3619.41650390625,42.89713156020267,0.00031661062701064945,99.82415771484375,0.0498046875,NaN,NaN
11400,0.09209806856233627,0.0939293344801735,0.09209806856233627,0.14665541671794857,0.09209806856233627,0.1089810982812196,3.668285369873047,45.060768127441406,NaN,-0.01,0.12772147357463837,0.022070000000000003,89.79095363616943,88.78178310394287,1.0091694184811786,0.01299570593982935,-3619.41650390625,22.801400845764952,0.0015509075608921739,99.8456802368164,0.0498046875,NaN,NaN
11600,0.09018324292264879,0.09154585890641326,0.09018324292264879,0.14200878030091346,0.09018324292264879,0.10605818731710315,9.439894676208496,12702.9765625,NaN,-0.01,0.19999918341636658,0.021580000000000002,147.41365432739258,144.9635009765625,2.450156800216064,0.012666703201830387,-3619.41650390625,43.99827666320792,0.00090544473993667,99.84142303466797,0.0498046875,NaN,NaN
11800,0.0877372776158154,0.08926120859796252,0.0877372776158154,0.1382518353513564,0.0877372776158154,0.10273021878674626,5.126245498657227,151.94305419921875,NaN,-0.01,0.19999919831752777,0.021090000000000005,105.438232421875,104.06893348693848,1.3692986820824444,0.0123505974188447,-3619.41650390625,25.685078340478736,4.42978541031542e-05,99.8348617553711,0.0498046875,NaN,NaN
12000,0.08647651504725218,0.08726874051947746,0.08647651504725218,0.1341157516729198,0.08647651504725218,0.10067368531599641,7.055817604064941,1200.3680419921875,NaN,-0.01,0.19999918341636658,0.020600000000000004,127.56529808044434,125.71486473083496,1.8504309235140681,0.01207491010427475,-3619.41650390625,36.95428051297613,5.2557614395218666e-05,99.81231689453125,0.0498046875,NaN,NaN
12200,0.08521443069912493,0.08636948199324072,0.08521443069912493,0.13282528389740308,0.08521443069912493,0.09908203012309968,8.816631317138672,6844.916015625,NaN,-0.01,0.19999918341636658,0.020110000000000003,139.8925552368164,137.60318565368652,2.2893721780274063,0.011950484476983547,-3619.41650390625,40.29064456312242,5.503829365734988e-05,99.83552551269531,0.0498046875,NaN,NaN
12400,0.08231651526875794,0.08332754450678814,0.08231651526875794,0.1273093454007931,0.08231651526875794,0.09505866933614016,8.411674499511719,4581.421875,NaN,-0.01,0.19999918341636658,0.019620000000000002,138.79751205444336,136.61227416992188,2.1852352146524936,0.011529587209224701,-3619.41650390625,41.82793360911071,6.485005553013351e-05,99.83863067626953,0.0498046875,NaN,NaN
12600,0.07821697776671499,0.08020534009467424,0.07821697776671499,0.12250599227507851,0.07821697776671499,0.0898788896156475,9.308832168579102,11163.8076171875,NaN,-0.01,0.19999916851520538,0.01913,143.96038722991943,141.5549602508545,2.405424967757426,0.01109758485108614,-3619.41650390625,45.227591943070614,6.80361237937658e-05,99.85692596435547,0.0498046875,NaN,NaN
12800,0.0761418272741139,0.07712702280329362,0.0761418272741139,0.11494771838243113,0.0761418272741139,0.08657922386191785,8.380178451538086,4439.6884765625,NaN,-0.01,0.1999991536140442,0.018640000000000004,140.50313186645508,138.33194160461426,2.171186432708055,0.010671654716134071,-3619.41650390625,41.38572375439179,7.625500900376969e-05,99.8069076538086,0.0498046875,NaN,NaN
13000,0.07284263242036104,0.07402120850210774,0.07284263242036104,0.11178536932347741,0.07284263242036104,0.08258743863552809,6.430170059204102,654.6006469726562,NaN,-0.01,0.1999991536140442,0.01815,118.46387672424316,116.78349304199219,1.6803851099684834,0.010241919197142124,-3619.41650390625,33.3995703329311,8.354773990108149e-05,99.82598114013672,0.0498046875,NaN,NaN
13200,0.07022472936660051,0.0710333415139741,0.07022472936660051,0.10667561555912015,0.07022472936660051,0.07911760988645256,8.553460121154785,5269.16015625,NaN,-0.01,0.1999991238117218,0.017660000000000002,141.31317520141602,139.10458755493164,2.2085898043587804,0.009828505106270313,-3619.41650390625,41.79074431914064,9.008555385335167e-05,99.84656524658203,0.0498046875,NaN,NaN
13400,0.06732962268870324,0.06882473093265748,0.06732962268870324,0.10313930716666768,0.06732962268870324,0.07557533355429769,6.434850692749023,653.4183959960938,NaN,-0.01,0.1999991238117218,0.017169999999999998,118.1874942779541,116.51145362854004,1.6760422996012494,0.009522911161184311,-3619.41650390625,30.411622790417276,0.00010168878629304674,99.86091613769531,0.0498046875,NaN,NaN
13600,0.06516556837595999,0.06689244849125196,0.06516556837595999,0.10065289428356486,0.06516556837595999,0.07296278432477266,9.268007278442383,10720.2802734375,NaN,-0.01,0.19999909400939941,0.01668,140.77771091461182,138.39554500579834,2.382167503470555,0.009255550801753998,-3619.41650390625,46.096389262158965,0.00011981922441019438,99.86740112304688,0.0498046875,NaN,NaN
13800,0.06338487169705331,0.0644169242605056,0.06338487169705331,0.09529986548979828,0.06338487169705331,0.07046127994544804,0.6494583487510681,2.365772247314453,NaN,-0.01,0.19999906420707703,0.016190000000000003,64.97623443603516,64.75048446655273,0.22574945143423975,0.008913026191294193,-3619.41650390625,14.223863369096573,0.00013549556963918523,99.83736419677734,0.0498046875,NaN,NaN
14000,0.06008313759230077,0.06172621520276586,0.06008313759230077,0.08890207322575314,0.06008313759230077,0.06627156096510589,7.522752285003662,1802.7103271484375,NaN,-0.01,0.19999903440475464,0.015700000000000006,130.16992568969727,128.22915649414062,1.940771205117926,0.008540727198123932,-3619.41650390625,43.093882626570704,0.00015115072166323225,99.82666015625,0.0498046875,NaN,NaN
14200,0.058817429933696985,0.06002562058738124,0.058817429933696985,0.08753207914341792,0.058817429933696985,0.06478771683759987,6.806058406829834,936.6354370117188,NaN,-0.01,0.19999900460243225,0.015210000000000001,121.89698219299316,120.13665199279785,1.7603319943882525,0.008305424824357033,-3619.41650390625,37.561387436322164,0.00018013083791954188,99.83675384521484,0.0498046875,NaN,NaN
14400,0.05508839851245284,0.057465504640188785,0.05508839851245284,0.08174474796163068,0.05508839851245284,0.06028011557646096,6.868241310119629,925.7506713867188,NaN,-0.01,0.19999897480010986,0.014720000000000004,120.46304130554199,118.69089317321777,1.772148699965328,0.007951193489134312,-3619.41650390625,41.26259558504944,0.00020992310796543316,99.8378677368164,0.0498046875,NaN,NaN
14600,0.05413816380314529,0.0542168979822706,0.05413816380314529,0.07871583371710687,0.05413816380314529,0.05900400201790035,9.410841941833496,12235.03125,NaN,-0.01,0.1999989151954651,0.01423,146.42395782470703,144.01710891723633,2.406848734943196,0.007501701824367046,-3619.41650390625,54.9442411415837,0.0002387113264003276,99.86167907714844,0.0498046875,NaN,NaN
14800,0.05228015757165849,0.05257163926390575,0.05228015757165849,0.07578188267322547,0.05228015757165849,0.05678816046565771,9.057001113891602,8581.2998046875,NaN,-0.01,0.19999882578849792,0.013740000000000002,144.93646621704102,142.61993408203125,2.316530488198623,0.007274055853486061,-3619.41650390625,46.28767871888128,0.0002958068568426647,99.83942413330078,0.0498046875,NaN,NaN
15000,0.050311558647081256,0.05084474223781191,0.050311558647081256,0.07365591248816972,0.050311558647081256,0.054535187780857086,6.708425998687744,819.6564331054688,NaN,-0.01,0.19999873638153076,0.013249999999999998,119.10962867736816,117.38220977783203,1.7274180843960494,0.007035113405436277,-3619.41650390625,37.31959656205851,0.00038053741371216855,99.86839294433594,0.0498046875,NaN,NaN
15200,0.048002075869590044,0.049409906255149925,0.048002075869590044,0.0709053095770415,0.048002075869590044,0.051884831744246185,7.716120719909668,2242.035400390625,NaN,-0.01,0.19999855756759644,0.01276,126.47779369354248,124.50076198577881,1.977032229769975,0.00683657918125391,-3619.41650390625,42.49196535501712,0.000540483507844458,99.86099243164062,0.0498046875,NaN,NaN
15400,0.04794199881143868,0.047914242667514054,0.04794199881143868,0.06793710143748208,0.04794199881143868,0.051596377743408084,8.970169067382812,7865.05712890625,NaN,-0.01,0.19999822974205017,0.012270000000000003,143.26253509521484,140.97205352783203,2.290484194876626,0.006629620213061571,-3619.41650390625,48.406656659469625,0.0009489024404240599,99.82758331298828,0.0498046875,NaN,NaN
15600,0.04434691881760955,0.046253843804869826,0.04434691881760955,0.06564755004532113,0.04434691881760955,0.047656287206336856,9.849668502807617,18953.390625,NaN,-0.01,0.1999969184398651,0.011779999999999999,147.55040073394775,145.04363536834717,2.5067639662884176,0.006399366073310375,-3619.41650390625,49.11308049773761,0.004792597646162519,99.8507308959961,0.0498046875,NaN,NaN
15800,0.04481989564374089,0.04468271424856199,0.04481989564374089,0.06261396946751784,0.04481989564374089,0.04794058669358492,10.043116569519043,22999.052734375,NaN,-0.01,0.1797003149986267,0.011290000000000001,153.926513671875,151.37091636657715,2.5555991013534367,0.006182508543133736,-3619.41650390625,50.3350107198091,3.2212796957552085e-05,99.87085723876953,0.0498046875,NaN,NaN
16000,0.043822594452649355,0.043030192834131516,0.043822594452649355,0.05866131330632341,0.043822594452649355,0.04663644079118967,7.294948577880859,1471.0518798828125,NaN,-0.01,0.17955411970615387,0.010799999999999997,130.35037803649902,128.48282051086426,1.8675596867688,0.00595385767519474,-3619.41650390625,45.58202119695227,1.1910881571117395e-05,99.8017578125,0.0498046875,NaN,NaN
16200,0.04196413792669773,0.04236914763929839,0.04196413792669773,0.05900597781867885,0.04196413792669773,0.044715012423694134,9.143310546875,9352.853515625,NaN,-0.01,0.17939063906669617,0.01031,143.32796096801758,141.00016975402832,2.3277916628867388,0.005862392485141754,-3619.41650390625,50.1680515126983,1.2769796870395573e-05,99.8548583984375,0.0498046875,NaN,NaN
16400,0.04044606420211494,0.04072929865661503,0.04044606420211494,0.055432003627018084,0.04044606420211494,0.04291000869125128,5.961511135101318,387.54840087890625,NaN,-0.01,0.17921976745128632,0.009820000000000002,114.6920051574707,113.16118049621582,1.5308238181751221,0.005635496228933334,-3619.41650390625,35.283181253317835,1.4868313564103936e-05,99.84365844726562,0.0498046875,NaN,NaN
16600,0.03657326730899513,0.03855238014588412,0.03657326730899513,0.05130564126045465,0.03657326730899513,0.03864311857614666,4.249673366546631,69.0113525390625,NaN,-0.01,0.17903238534927368,0.009330000000000005,95.12629413604736,94.02730369567871,1.0989916163962334,0.005334287416189909,-3619.41650390625,28.3212771153283,1.4376540101906822e-05,99.85887145996094,0.0498046875,NaN,NaN
16800,0.036290951538830996,0.03658772667954184,0.036290951538830996,0.04765418163066125,0.036290951538830996,0.03815704374574125,4.555802822113037,94.23395538330078,NaN,-0.01,0.1788182109594345,0.00884,103.35258293151855,102.17733955383301,1.1752416067756712,0.00506244832649827,-3619.41650390625,31.215189619596288,1.5684755161274493e-05,99.8186264038086,0.0498046875,NaN,NaN
17000,0.03357399697415531,0.03482693915794436,0.03357399697415531,0.04554058545687095,0.03357399697415531,0.03523557027801871,6.210654258728027,496.9155578613281,NaN,-0.01,0.1785728931427002,0.008350000000000003,114.18974018096924,112.60350036621094,1.5862375374417752,0.004818817600607872,-3619.41650390625,36.583223121303476,1.6530707791165598e-05,99.85892486572266,0.0498046875,NaN,NaN
17200,0.031804942060261965,0.033171092235149496,0.031804942060261965,0.0433331964168601,0.031804942060261965,0.033301862655207515,9.302597999572754,10965.845703125,NaN,-0.01,0.1782955527305603,0.007859999999999999,141.01541805267334,138.6579647064209,2.3574544326402247,0.004589706659317017,-3619.41650390625,49.615288271148195,1.8376945775447286e-05,99.86570739746094,0.0498046875,NaN,NaN
17400,0.030184622388333082,0.031465212541922145,0.030184622388333082,0.040178924860897004,0.030184622388333082,0.031489824992604554,8.30932331085205,4060.76220703125,NaN,-0.01,0.17798379063606262,0.0073700000000000015,134.53388500213623,132.42637252807617,2.107515377458185,0.004353673662990332,-3619.41650390625,46.906409875567796,1.8969983670612603e-05,99.84953308105469,0.0498046875,NaN,NaN
17600,0.029797743074595928,0.029623624024971266,0.029797743074595928,0.036437992356227245,0.029797743074595928,0.030939843505620956,9.038476943969727,8419.779296875,NaN,-0.01,0.17763608694076538,0.006880000000000004,144.20770645141602,141.91829109191895,2.289416884072125,0.004098862875252962,-3619.41650390625,58.46023342740011,1.914891981037371e-05,99.83538818359375,0.0498046875,NaN,NaN
17800,0.028080340242013335,0.028024497365050357,0.028080340242013335,0.03423671340238558,0.028080340242013335,0.02908914885483682,8.994176864624023,8055.0966796875,NaN,-0.01,0.17724481225013733,0.00639,144.82414627075195,142.5475254058838,2.276624643942341,0.0038776001892983913,-3619.41650390625,50.65501646373021,2.0370751208598873e-05,99.86155700683594,0.0498046875,NaN,NaN
18000,0.024886108934879303,0.026103503027577787,0.024886108934879303,0.030637458582682665,0.024886108934879303,0.02568525995593518,8.432924270629883,4594.67041015625,NaN,-0.01,0.17681187391281128,0.0059000000000000025,136.02630996704102,133.89319610595703,2.133117100223899,0.0036118023563176394,-3619.41650390625,46.37878314803067,2.0168973513282642e-05,99.8467788696289,0.0498046875,NaN,NaN
18200,0.024230680661275983,0.024741732287870598,0.024230680661275983,0.028296194979698038,0.024230680661275983,0.024941306561231613,10.373297691345215,31992.2421875,NaN,-0.01,0.17632314562797546,0.005409999999999998,152.70800399780273,150.09045028686523,2.617555133299902,0.0034233813639730215,-3619.41650390625,62.04805733819644,2.092454473945017e-05,99.8701400756836,0.0498046875,NaN,NaN
18400,0.022463062428869307,0.023503293012946937,0.022463062428869307,0.026333515329611,0.022463062428869307,0.023075493634678423,3.313131809234619,26.481103897094727,NaN,-0.01,0.17577925324440002,0.004920000000000001,86.85636615753174,86.00561904907227,0.8507459998363629,0.0032520245295017958,-3619.41650390625,24.922987669545094,2.1757189235199673e-05,99.85525512695312,0.0498046875,NaN,NaN
18600,0.020590660511516035,0.0219520245853484,0.020590660511516035,0.024331958626869876,0.020590660511516035,0.021109146531671286,9.881752014160156,19568.1796875,NaN,-0.01,0.1751815676689148,0.0044299999999999964,144.9768409729004,142.48581218719482,2.4910286100348458,0.0030373840127140284,-3619.41650390625,48.885488129546275,2.210379079009935e-05,99.87459564208984,0.0498046875,NaN,NaN
18800,0.021089209709316492,0.020948577564497882,0.021089209709316492,0.022156745232170396,0.021089209709316492,0.021566001698374748,6.93808650970459,1030.0587158203125,NaN,-0.01,0.1745133250951767,0.003940000000000006,123.24033546447754,121.48472213745117,1.7556108604185283,0.002898542443290353,-3619.41650390625,41.499441685066195,2.22517673523456e-05,99.85057067871094,0.0498046875,NaN,NaN
19000,0.018352744285948575,0.019621045180087317,0.018352744285948575,0.019293321626680942,0.018352744285948575,0.018713165307417512,8.08343505859375,3239.015869140625,NaN,-0.01,0.17377837002277374,0.0034500000000000017,130.72504711151123,128.68583965301514,2.039211627212353,0.0027148588560521603,-3619.41650390625,50.194641107417155,2.1742881418723778e-05,99.83848571777344,0.0498046875,NaN,NaN
19200,0.018109610537067056,0.01850537876616585,0.018109610537067056,0.018568896418470003,0.018109610537067056,0.018451392417773604,5.429328918457031,227.09756469726562,NaN,-0.01,0.17297175526618958,0.0029600000000000043,106.49516868591309,105.11972713470459,1.375441872747615,0.002560490043833852,-3619.41650390625,32.78161379401402,2.176623077079187e-05,99.85565948486328,0.0498046875,NaN,NaN
19400,0.01629983796738088,0.017753376913960606,0.01629983796738088,0.01769859953195611,0.01629983796738088,0.016593683045357466,6.435235500335693,622.231689453125,NaN,-0.01,0.17207975685596466,0.00247,113.28298664093018,111.65788078308105,1.6251086953561753,0.002456439658999443,-3619.41650390625,35.767598036082475,2.2244006281043525e-05,99.87874603271484,0.0498046875,NaN,NaN
19600,0.01660902868025005,0.017073731923853797,0.01660902868025005,0.01669240234292957,0.01660902868025005,0.016890284838154912,9.868668556213379,19312.630859375,NaN,-0.01,0.17109839618206024,0.0019800000000000026,145.042254447937,142.55847930908203,2.483776086708531,0.002362400759011507,-3619.41650390625,57.66130387705904,2.2632234661124062e-05,99.86612701416016,0.0498046875,NaN,NaN
19800,0.01759216724894941,0.01671243736422316,0.01759216724894941,0.01637604803591368,0.01759216724894941,0.01788514479994774,7.903414249420166,2704.249267578125,NaN,-0.01,0.17001616954803467,0.0014899999999999983,131.8378620147705,129.84441566467285,1.993445687694475,0.002312410157173872,-3619.41650390625,46.85481900012668,2.3126851804359336e-05,99.83740234375,0.0498046875,NaN,NaN
