step,Gt,Sm_avg,Sm_std,Rm_avg,Rm_std,lambda_max_est,gamma_t,noise_std,module_loss_avg,meta_loss,cls_norm,cls_density
0,0.007356094196438789,0.00735609404121836,0.0002735579237813378,0.0,0.0,-103.61625671386719,0.3,0.05,0.0,0.0,1.5780597925186157,1.0
100,0.13873383402824402,0.13873381912708282,0.002597415172502335,-0.002904479702313741,0.0019530328066031184,,0.05000000074505806,0.049600000000000005,2.3526481787363687,0.0,9.016072273254395,1.0
200,0.17373502254486084,0.1737350324789683,0.003979050864358806,-0.004985878864924113,0.000142158325448027,,0.05000000074505806,0.0492,3.9960965315500894,0.0,10.050779342651367,1.0
300,0.13266099989414215,0.1326609899600347,0.00272289033499677,-0.0032572795947392783,0.0011326242024225503,,0.05000000074505806,0.0488,2.6672106981277466,0.0,8.853614807128906,1.0
400,0.14367443323135376,0.14367443323135376,0.0007843162019709467,-0.0029705812533696494,0.0002608503821442657,,0.05000000074505806,0.048400000000000006,2.4258817036946616,0.0,9.21262264251709,1.0
500,0.17277102172374725,0.17277100682258606,0.005392537662302601,-0.005685086051623027,0.002068628552343697,,0.05000000074505806,0.048,4.652549664179484,0.0,10.086545944213867,1.0
600,0.19081644713878632,0.19081644713878632,0.005340285251499972,-0.007021198670069377,0.0009758067033435557,,0.05000000074505806,0.0476,5.598723888397217,0.0,10.637725830078125,1.0
700,0.17170286178588867,0.17170284688472748,0.008313339633205425,-0.004389941692352295,0.003006069459695086,,0.05000000074505806,0.047200000000000006,3.548228144645691,0.0,10.0794038772583,1.0
800,0.17563629150390625,0.1756362865368525,0.004492252953999839,-0.003248209754625956,0.0021225690397765097,,0.05000000074505806,0.0468,2.635670473178228,0.0,10.215551376342773,1.0
900,0.2090815305709839,0.20908154050509134,0.003697055872620629,-0.006614863872528076,0.0015359615952148234,,0.05000000074505806,0.046400000000000004,5.3177681763966875,0.0,11.119728088378906,1.0
1000,0.25592759251594543,0.25592758258183795,0.0014892155201321152,-0.0102423628171285,0.0009905128602601555,-103.61625671386719,0.05000000074505806,0.046,8.32357390721639,0.0,12.340008735656738,1.0
1100,0.5750125646591187,0.5750125447909037,0.015090811067432253,-0.02333565553029378,0.001590800996546828,,0.05000000074505806,0.0456,18.852547963460285,0.0,18.2741756439209,1.0
1200,0.41472887992858887,0.41472886006037396,0.007792382068113314,-0.012708296378453573,0.0007949677405563323,,0.05000000074505806,0.045200000000000004,10.188474337259928,0.0,15.672662734985352,1.0
1300,0.6777748465538025,0.6777748465538025,0.005450323208783506,-0.026240328947703045,0.003661978296223817,,0.05000000074505806,0.0448,21.36597951253255,0.0,19.885068893432617,1.0
1400,0.47909027338027954,0.47909025351206463,0.007827078111733768,-0.014788766702016195,0.006055742196696721,,0.05000000074505806,0.0444,11.944962978363037,0.0,16.710372924804688,1.0
1500,0.8006757497787476,0.8006756703058878,0.004370261088530897,-0.0403603712717692,0.003788381950298265,,0.05000000074505806,0.044000000000000004,31.97642199198405,0.0,21.575191497802734,1.0
1600,1.9040381908416748,1.9040380716323853,0.021531482269176876,-0.07032370567321777,0.0055280227896646215,,0.05000000074505806,0.0436,56.14760971069336,0.0,32.87539291381836,1.0
1700,18.09658432006836,18.096583048502605,0.22807761683374456,-0.2629222869873047,0.09146052073005599,,0.05000000074505806,0.0432,212.79867299397787,0.0,100.0,1.0
1800,16.949581146240234,16.9495792388916,0.3571191212345638,-0.4905687967936198,0.1698133702251371,,0.05000000074505806,0.042800000000000005,393.0909423828125,0.0,96.762939453125,1.0
1900,10.746916770935059,10.746916770935059,0.1353266339840802,-0.2904218037923177,0.08206829415033581,,0.05000000074505806,0.0424,234.57272338867188,0.0,76.86698150634766,1.0
2000,3.7869460582733154,3.786945899327596,0.12327516538275445,-0.10963797569274902,0.06461199597024803,-103.61625671386719,0.05000000074505806,0.042,87.6664326985677,0.0,45.96743392944336,1.0
2100,0.9428091049194336,0.9428090850512186,0.021893790493511072,-0.029883941014607746,0.005019452471174795,,0.05000000074505806,0.041600000000000005,24.055814107259113,0.0,23.114788055419922,1.0
2200,1.8409841060638428,1.8409839868545532,0.04434104495344851,-0.05573554833730062,0.022265459164499853,,0.05000000074505806,0.0412,43.681992848714195,0.0,32.33692169189453,1.0
2300,5.1814045906066895,5.181404272715251,0.10186989164964685,-0.17090876897176108,0.053263326351241785,,0.05000000074505806,0.0408,138.53544108072916,0.0,53.75834274291992,1.0
2400,18.063566207885742,18.063566207885742,0.23448128802182994,-0.2794990539550781,0.1721291483414135,,0.05000000074505806,0.040400000000000005,222.3943354288737,0.0,100.00000762939453,1.0
2500,17.995223999023438,17.995224634806316,0.23767012184278025,-0.14173253377278647,0.10669690323330684,,0.05000000074505806,0.04,114.95455678304036,0.0,100.00000762939453,1.0
2600,17.764942169189453,17.76493962605794,0.3082963451627462,-0.06519571940104167,0.06723548336296946,,0.05000000074505806,0.0396,52.614089568456016,0.0,100.0,1.0
2700,17.93301773071289,17.933015823364258,0.4349338862487907,-0.0510094960530599,0.040862582418023256,,0.05000000074505806,0.0392,41.94631383816401,0.0,100.00000762939453,1.0
2800,17.91449546813965,17.914494196573894,0.29529541857434477,-0.0656293233235677,0.04835208293587943,,0.05000000074505806,0.0388,53.161637941996254,0.0,100.0,1.0
2900,18.01905059814453,18.01905123392741,0.32042457687724496,-0.3186632792154948,0.1318629722626475,,0.05000000074505806,0.038400000000000004,257.6818389892578,0.0,100.0,1.0
3000,18.055103302001953,18.055102666219074,0.18401425507924732,-0.051906585693359375,0.025296573828070993,-103.61625671386719,0.05000000074505806,0.038000000000000006,41.64112408955892,0.0,100.0,1.0
3100,18.20621681213379,18.206215540568035,0.15974419779259041,-0.2251733144124349,0.13195839236880574,,0.05000000074505806,0.0376,180.46850077311197,0.0,99.99999237060547,1.0
3200,17.981555938720703,17.98155403137207,0.16484699773817704,-0.12069765726725261,0.1544045359777715,,0.05000000074505806,0.037200000000000004,98.90212400754292,0.0,100.0,1.0
3300,17.81952476501465,17.81952476501465,0.1665709086292574,-0.04953575134277344,0.07176383464369242,,0.05000000074505806,0.0368,40.05933213233948,0.0,100.0,1.0
3400,17.812326431274414,17.81232515970866,0.15581595581151628,-0.0457312266031901,0.06673388703119326,,0.05000000074505806,0.0364,36.90756452083588,0.0,100.00000762939453,1.0
3500,17.68700408935547,17.68700345357259,0.21425175998128396,-0.05299059549967448,0.08268964510183381,,0.05000000074505806,0.036000000000000004,42.568404833475746,0.0,99.99999237060547,1.0
3600,17.718338012695312,17.71833864847819,0.4573489664550313,-0.1758270263671875,0.1334420537102392,,0.05000000074505806,0.03560000000000001,140.14117074012756,0.0,99.99999237060547,1.0
3700,17.624666213989258,17.62466557820638,0.23808826708515596,-0.06473032633463542,0.05963279678461778,,0.05000000074505806,0.0352,53.46589700380961,0.0,99.99999237060547,1.0
3800,17.61867332458496,17.618671417236328,0.11803225133672224,0.0041599273681640625,0.0024056866411632165,,0.05000000074505806,0.034800000000000005,-3.3628193537394204,0.0,100.00000762939453,1.0
3900,17.63911247253418,17.6391118367513,0.08023804167260086,0.000423431396484375,0.003442050405442459,,0.05000000074505806,0.0344,-0.32639749844868976,0.0,99.99999237060547,1.0
4000,17.542678833007812,17.54267756144206,0.11544143870611738,-0.024837493896484375,0.03519075640021081,-103.61625671386719,0.05000000074505806,0.034,20.054245809714,0.0,100.0,1.0
4100,17.615652084350586,17.615651448567707,0.22809916097976946,-0.08611361185709636,0.10514464614759629,,0.05000000074505806,0.033600000000000005,70.26453995704651,0.0,100.0,1.0
4200,17.548484802246094,17.548485438028973,0.4365000095355241,-0.09496434529622395,0.14329737175026921,,0.05000000074505806,0.03320000000000001,77.9220838546753,0.0,99.99999237060547,1.0
4300,17.504331588745117,17.504331588745117,0.3494037974619362,-0.02837689717610677,0.04268743218274951,,0.05000000074505806,0.0328,23.141387224197388,0.0,100.0,1.0
4400,17.47222137451172,17.472220102945965,0.34136981582064324,0.0009187062581380209,0.0035660966957036053,,0.05000000074505806,0.0324,-0.7456539471944174,0.0,100.0,1.0
4500,17.468185424804688,17.468184153238933,0.3798989289365624,-0.03569857279459635,0.0550314802677042,,0.05000000074505806,0.032,29.60850175221761,0.0,100.0,1.0
4600,17.48516845703125,17.48516782124837,0.21761725943892427,-0.03664716084798177,0.05504194290201285,,0.05000000074505806,0.0316,30.260469992955525,0.0,100.0,1.0
4700,17.534273147583008,17.53427251180013,0.34589539117336693,-0.10579681396484375,0.15430605347291568,,0.05000000074505806,0.031200000000000002,85.38270052274068,0.0,100.0,1.0
4800,17.541913986206055,17.541913350423176,0.4713327435961004,-0.08989588419596355,0.13452194574528983,,0.05000000074505806,0.030800000000000004,70.03477764129639,0.0,100.0,1.0
4900,17.544784545898438,17.544785181681316,0.2958059784404835,-0.0018749237060546875,0.0013577035799153517,,0.05000000074505806,0.030400000000000003,1.527459166944027,0.0,99.99999237060547,1.0
5000,17.601913452148438,17.601914087931316,0.22569729958100704,0.001010894775390625,0.004868801200237971,-103.61625671386719,0.05000000074505806,0.030000000000000002,-0.8122557799021403,0.0,99.99999237060547,1.0
5100,17.6213321685791,17.621331532796223,0.3341515404070152,0.0049635569254557295,0.006634156186737994,,0.05000000074505806,0.0296,-4.061367064714432,0.0,99.99999237060547,1.0
5200,17.604909896850586,17.604908625284832,0.20928091742827026,0.003689448038736979,0.003710153895039973,,0.05000000074505806,0.0292,-2.9771036729216576,0.0,99.99999237060547,1.0
5300,17.416967391967773,17.41696612040202,0.25826279016784254,0.0042438507080078125,0.004918129425069637,,0.05000000074505806,0.028800000000000003,-3.4857140382130942,0.0,100.00000762939453,1.0
5400,17.399442672729492,17.399442036946613,0.3107200550591027,0.001140594482421875,0.0026257234001566274,,0.05000000074505806,0.0284,-0.9340519507726034,0.0,100.0,1.0
5500,17.38458251953125,17.38458315531413,0.3650105808545472,0.0036754608154296875,0.002766026877540551,,0.05000000074505806,0.028,-3.0174118479092917,0.0,100.00000762939453,1.0
5600,17.3101806640625,17.3101806640625,0.4045961832103569,0.002353032430013021,0.003905057828661898,,0.05000000074505806,0.0276,-1.936052677532037,0.0,99.99999237060547,1.0
5700,17.416166305541992,17.416165669759113,0.4489559520240773,-0.04537328084309896,0.07483475371573128,,0.05000000074505806,0.027200000000000005,36.569026152292885,0.0,100.0,1.0
5800,17.37236785888672,17.37236785888672,0.32739305142079944,0.0018266042073567708,0.0011031384413067707,,0.05000000074505806,0.026800000000000004,-1.4761827488740284,0.0,100.0,1.0
5900,17.216333389282227,17.216332753499348,0.3354685484671671,0.0027109781901041665,0.0028362046849197005,,0.05000000074505806,0.026400000000000003,-2.1912932991981506,0.0,100.0,1.0
6000,17.284549713134766,17.284549077351887,0.4990408536799287,0.0016040802001953125,0.0035091099290442402,-103.61625671386719,0.05000000074505806,0.026000000000000002,-1.2600788672765095,0.0,100.0,1.0
6100,17.47618865966797,17.476187388102215,0.5792395211397671,-0.10229682922363281,0.14754551012498046,,0.05000000074505806,0.0256,82.04377249876659,0.0,100.00000762939453,1.0
6200,17.605560302734375,17.605559666951496,0.7458573286671302,-0.2017650604248047,0.2936442767076855,,0.05000000074505806,0.025200000000000004,158.92938538392386,0.0,100.0,1.0
6300,17.568893432617188,17.56889279683431,0.558306416590531,-0.19451141357421875,0.27459490718269125,,0.05000000074505806,0.024800000000000003,151.81300596396127,0.0,99.99999237060547,1.0
6400,17.449026107788086,17.449024836222332,0.3545220999370813,-0.11137771606445312,0.16044527331871397,,0.05000000074505806,0.0244,90.15308223168056,0.0,99.99999237060547,1.0
6500,17.383085250854492,17.383085250854492,0.676740344997602,-0.14575703938802084,0.2078554394364649,,0.05000000074505806,0.024,112.97290923198064,0.0,99.99999237060547,1.0
6600,17.398948669433594,17.398948033650715,0.7577949705723088,-0.17458216349283853,0.25351894853591145,,0.05000000074505806,0.0236,145.76698279380798,0.0,99.99999237060547,1.0
6700,17.338863372802734,17.338864008585613,0.6314018786254975,-0.11038843790690105,0.1626479922206821,,0.05000000074505806,0.023200000000000002,93.0828062693278,0.0,100.00000762939453,1.0
6800,17.280609130859375,17.28060785929362,0.7985681277926904,-0.06856091817220052,0.10558822652920805,,0.05000000074505806,0.0228,55.84092919031779,0.0,100.00000762939453,1.0
6900,17.272315979003906,17.272315343221027,0.49432266301612515,-0.0378716786702474,0.059021831340472675,,0.05000000074505806,0.022400000000000003,28.853167355060577,0.0,100.0,1.0
7000,17.46533203125,17.46533203125,0.6448698676858249,-0.12419954935709636,0.18708258213528842,-103.61625671386719,0.05000000074505806,0.022000000000000006,100.0511703491211,0.0,100.0,1.0
7100,17.420747756958008,17.420746485392254,0.5809902751096173,-0.11833572387695312,0.17651143611644662,,0.05000000074505806,0.021600000000000005,94.42554473876953,0.0,100.0,1.0
7200,17.426557540893555,17.426556905110676,0.5127465799702039,-0.08293914794921875,0.12517989794605056,,0.05000000074505806,0.021200000000000004,68.5870126883189,0.0,100.0,1.0
7300,17.473068237304688,17.473068873087566,0.7119059075906955,-0.06248156229654948,0.09621859836625814,,0.05000000074505806,0.020800000000000003,51.00871626536051,0.0,100.00000762939453,1.0
7400,17.431171417236328,17.431170145670574,0.8020664678622238,-0.12833023071289062,0.18822965712558845,,0.05000000074505806,0.0204,100.99006282538176,0.0,100.00000762939453,1.0
7500,17.30895233154297,17.308951059977215,0.9335994034958222,-0.12601598103841147,0.18336496314083986,,0.05000000074505806,0.020000000000000004,101.78744637469451,0.0,100.0,1.0
7600,17.41520118713379,17.41520118713379,0.9155618197002992,-0.14816665649414062,0.2218315756970826,,0.05000000074505806,0.019600000000000003,119.45313628514607,0.0,100.00000762939453,1.0
7700,17.456493377685547,17.456491470336914,0.8050908281957901,-0.05522918701171875,0.08665816038095725,,0.05000000074505806,0.019200000000000002,44.28741486867269,0.0,100.00000762939453,1.0
7800,17.448850631713867,17.44884999593099,0.70208693298242,-0.09548695882161458,0.1440543304148738,,0.05000000074505806,0.0188,76.56946762402852,0.0,100.00000762939453,1.0
7900,17.415536880493164,17.415536244710285,0.47685067630510186,-0.0648053487141927,0.10268037022629449,,0.05000000074505806,0.0184,51.895495891571045,0.0,99.99999237060547,1.0
8000,17.311115264892578,17.311115264892578,0.6230413921270909,-0.10962549845377605,0.16704359542899846,-103.61625671386719,0.05000000074505806,0.018000000000000002,89.45004471143086,0.0,99.99999237060547,1.0
8100,17.546165466308594,17.546164830525715,0.6242212802240356,-0.06170845031738281,0.1037300770841395,,0.05000000074505806,0.017599999999999998,49.117074966430664,0.0,100.0,1.0
8200,17.404512405395508,17.40451176961263,0.6924085769100629,-0.0375525156656901,0.06412805115582108,,0.05000000074505806,0.017200000000000007,31.281951268513996,0.0,100.00000762939453,1.0
8300,17.343809127807617,17.34380849202474,0.9489382079990554,0.000736236572265625,0.010765386023172159,,0.05000000074505806,0.016800000000000002,-0.6674208641052246,0.0,100.0,1.0
8400,17.256118774414062,17.25611941019694,0.8629556425668956,-0.057376861572265625,0.09485518545329531,,0.05000000074505806,0.016400000000000005,46.23095944523811,0.0,100.0,1.0
8500,17.445791244506836,17.445790608723957,0.8988319155798142,-0.11430104573567708,0.1742985187792851,,0.05000000074505806,0.016,93.73400592803955,0.0,100.00001525878906,1.0
8600,17.418378829956055,17.418378194173176,0.9393660902050317,-0.16762733459472656,0.2477292561074894,,0.05000000074505806,0.015600000000000003,136.0110058784485,0.0,100.00000762939453,1.0
8700,17.27776336669922,17.27776336669922,1.010209679510557,-0.11921119689941406,0.18510796102267557,,0.05000000074505806,0.015200000000000005,97.01627310117085,0.0,100.00000762939453,1.0
8800,17.26272964477539,17.26273028055827,0.8200342515599651,-0.07021331787109375,0.11760032831984091,,0.05000000074505806,0.0148,54.621718883514404,0.0,100.00000762939453,1.0
8900,17.322500228881836,17.322500228881836,1.0085994999874126,-0.14385604858398438,0.21983159933938065,,0.05000000074505806,0.014400000000000003,114.67266003290813,0.0,99.99999237060547,1.0
9000,17.36359214782715,17.36359182993571,1.1562242406128762,-0.12809626261393228,0.1917073828847523,-103.61625671386719,0.05000000074505806,0.013999999999999999,101.20088855425517,0.0,100.00000762939453,1.0
9100,17.406890869140625,17.406890551249187,1.3731103415849288,-0.22734642028808594,0.3376858989895499,,0.05000000074505806,0.013600000000000001,182.80921379725137,0.0,100.0,1.0
9200,17.481502532958984,17.481503168741863,1.4736236562958294,-0.2333354949951172,0.3434415721116492,,0.05000000074505806,0.013200000000000003,185.24220236142477,0.0,100.0,1.0
9300,17.47311019897461,17.47311019897461,1.3287500611216259,-0.17273585001627603,0.2596693943800476,,0.05000000074505806,0.012799999999999999,140.74922116597494,0.0,100.0,1.0
9400,17.522109985351562,17.522108395894367,1.4296697611573121,-0.2359002431233724,0.34901146704327807,,0.05000000074505806,0.012400000000000001,192.78347047170004,0.0,100.0,1.0
9500,17.626495361328125,17.626494725545246,1.4142572470786534,-0.254306157430013,0.3753171428484237,,0.05000000074505806,0.012000000000000004,205.02093633015951,0.0,100.0,1.0
9600,17.513776779174805,17.51377550760905,1.5435925603923568,-0.26924769083658856,0.40195214791373557,,0.05000000074505806,0.011600000000000006,215.39213800430298,0.0,100.0,1.0
9700,17.530315399169922,17.530315399169922,1.313310572797302,-0.2004566192626953,0.30173812044313425,,0.05000000074505806,0.011200000000000002,163.889791170756,0.0,100.00000762939453,1.0
9800,17.562667846679688,17.562668482462566,1.0919504381849765,-0.1655114491780599,0.24852942948008716,,0.05000000074505806,0.010800000000000004,134.26698144276938,0.0,100.00000762939453,1.0
9900,17.34329605102539,17.34329668680827,0.9575032142107072,-0.039845784505208336,0.07505644015394976,,0.05000000074505806,0.0104,32.05837686856588,0.0,100.0,1.0
10000,17.383377075195312,17.383377075195312,0.8051721112064214,-0.04964764912923177,0.08713035791418185,-103.61625671386719,0.05000000074505806,0.010000000000000002,39.98757553100586,0.0,100.0,1.0
10100,17.35291290283203,17.35291290283203,0.7213025267611651,0.0016409556070963542,0.013431832050748212,,0.05000000074505806,0.010000000000000002,-1.260473092397054,0.0,100.0,1.0
10200,17.46487808227539,17.464877446492512,0.9780734242243895,-0.015315373738606771,0.04553762992583161,,0.05000000074505806,0.010000000000000002,11.76868470509847,0.0,100.0,1.0
10300,17.546184539794922,17.546184539794922,0.6202253543385409,0.0030727386474609375,0.00814472483629579,,0.05000000074505806,0.010000000000000002,-2.5045361518859863,0.0,100.0,1.0
10400,17.51759910583496,17.517598470052082,0.7153880175689438,-0.0039997100830078125,0.015998132981414153,,0.05000000074505806,0.010000000000000002,3.4047842025756836,0.0,99.99999237060547,1.0
10500,17.366596221923828,17.36659590403239,1.1204419817092903,-0.05571619669596354,0.09584432937004407,,0.05000000074505806,0.010000000000000002,46.38701470692953,0.0,100.00000762939453,1.0
10600,17.542325973510742,17.542324701944988,0.9489047040823658,-0.06389681498209636,0.10355449035063587,,0.05000000074505806,0.010000000000000002,52.21983003616333,0.0,100.0,1.0
10700,17.26819610595703,17.268194834391277,0.7509014173668247,0.0033582051595052085,0.006952831320745758,,0.05000000074505806,0.010000000000000002,-2.5798524220784507,0.0,100.00000762939453,1.0
10800,17.27705192565918,17.27705192565918,0.7607183960038288,0.00246429443359375,0.008398378536244708,,0.05000000074505806,0.010000000000000002,-2.0615172386169434,0.0,99.99999237060547,1.0
10900,17.295886993408203,17.29588445027669,0.8546937850956694,0.0050334930419921875,0.010449784509956447,,0.05000000074505806,0.010000000000000002,-4.361115137736003,0.0,99.99999237060547,1.0
11000,17.303321838378906,17.303321838378906,1.0368624653727603,0.0022532145182291665,0.008926401020563125,-103.61625671386719,0.05000000074505806,0.010000000000000002,-1.70342222849528,0.0,100.0,1.0
11100,17.238597869873047,17.238595962524414,1.0626811187195737,-0.0011469523111979167,0.003178138638257136,,0.05000000074505806,0.010000000000000002,0.9240067402521769,0.0,100.0,1.0
11200,17.161848068237305,17.161847750345867,0.8269824612980091,0.0024547576904296875,0.009819052003858738,,0.05000000074505806,0.010000000000000002,-1.8169650634129841,0.0,100.0,1.0
11300,17.063396453857422,17.063395818074543,1.0240048903919785,0.0076904296875,0.010518459294335227,,0.05000000074505806,0.010000000000000002,-6.234335422515869,0.0,100.0,1.0
11400,17.09724998474121,17.097249031066895,1.0993144545754092,0.0058307647705078125,0.013491691999888051,,0.05000000074505806,0.010000000000000002,-4.81483268737793,0.0,99.99999237060547,1.0
11500,17.180349349975586,17.180349349975586,1.0207090750472594,-0.011511484781901041,0.025340152760059326,,0.05000000074505806,0.010000000000000002,9.026406526565552,0.0,100.0,1.0
11600,17.187273025512695,17.187272707621258,1.0248205016001422,0.0033092498779296875,0.00955538529813978,,0.05000000074505806,0.010000000000000002,-2.6884264945983887,0.0,100.0,1.0
11700,17.165355682373047,17.16535472869873,1.1270724133982701,-0.04510688781738281,0.07974211069189187,,0.05000000074505806,0.010000000000000002,35.916213035583496,0.0,100.0,1.0
11800,17.129064559936523,17.129063606262207,0.9710055709575535,0.003636042277018229,0.005123183479909467,,0.05000000074505806,0.010000000000000002,-2.9119089593489966,0.0,99.99999237060547,1.0
11900,17.114002227783203,17.114001592000324,1.047733868028663,0.0032590230305989585,0.00611723120400869,,0.05000000074505806,0.010000000000000002,-2.5611422856648765,0.0,100.0,1.0
12000,17.048797607421875,17.048795382181805,0.9415710735554093,0.010363260904947916,0.005574535931977766,-103.61625671386719,0.05000000074505806,0.010000000000000002,-8.337634245554606,0.0,100.0,1.0
12100,16.97112464904785,16.971124013264973,0.758802964052261,0.008401870727539062,0.005931556383445282,,0.05000000074505806,0.010000000000000002,-6.772713343302409,0.0,100.0,1.0
12200,16.916427612304688,16.916426340738933,0.7511258941456888,0.007562001546223958,0.0059062003020837256,,0.05000000074505806,0.010000000000000002,-6.047356009483337,0.0,99.99999237060547,1.0
12300,16.974407196044922,16.97440528869629,0.881721223214166,0.008726755777994791,0.0042210233825411905,,0.05000000074505806,0.010000000000000002,-7.028058449427287,0.0,100.00000762939453,1.0
12400,17.00316619873047,17.00316556294759,1.1402645724790217,0.003658930460611979,0.008719655382905053,,0.05000000074505806,0.010000000000000002,-2.9665390650431314,0.0,100.0,1.0
12500,16.991239547729492,16.991238276163738,1.277286973389034,0.0018520355224609375,0.013378674660021754,,0.05000000074505806,0.010000000000000002,-1.3891933759053547,0.0,99.99999237060547,1.0
12600,16.992393493652344,16.992394765218098,1.433367219189183,0.009035746256510416,0.014417410101651573,,0.05000000074505806,0.010000000000000002,-7.205085436503093,0.0,100.00000762939453,1.0
12700,17.009117126464844,17.009116490681965,1.3720297994912696,0.0073541005452473955,0.017443692303450636,,0.05000000074505806,0.010000000000000002,-5.952268600463867,0.0,100.0,1.0
12800,17.064456939697266,17.064456621805828,1.1201493777018965,0.00891876220703125,0.008593869089932428,,0.05000000074505806,0.010000000000000002,-7.313304344813029,0.0,100.00000762939453,1.0
12900,17.113325119018555,17.113324801127117,0.8749570399510661,0.0052636464436848955,0.004197185373514147,,0.05000000074505806,0.010000000000000002,-4.211278905471166,0.0,100.0,1.0
13000,17.001941680908203,17.00194199879964,1.052431945516929,0.006655375162760417,0.013873210938824836,-103.61625671386719,0.05000000074505806,0.010000000000000002,-5.540464719136556,0.0,100.0,1.0
13100,16.971256256103516,16.971253712972004,1.230732064288706,0.008398056030273438,0.013571885788815893,,0.05000000074505806,0.010000000000000002,-6.742173194885254,0.0,99.99999237060547,1.0
13200,17.06287384033203,17.062873204549152,1.3633679028767338,0.008100509643554688,0.011369324374699133,,0.05000000074505806,0.010000000000000002,-6.468757788340251,0.0,100.0,1.0
13300,17.099210739135742,17.099210421244305,1.3236051694208575,0.006376902262369792,0.011591179523552165,,0.05000000074505806,0.010000000000000002,-5.187705357869466,0.0,100.0,1.0
13400,17.139633178710938,17.139633178710938,1.401263596204345,-0.004728953043619792,0.023472553052463936,,0.05000000074505806,0.010000000000000002,3.5856189727783203,0.0,100.0,1.0
13500,17.040332794189453,17.0403315226237,1.3178399547919226,0.007754007975260417,0.01616581187395653,,0.05000000074505806,0.010000000000000002,-6.4272769292195635,0.0,100.0,1.0
13600,17.025854110717773,17.025854110717773,1.4136841252269847,0.008113225301106771,0.01982393760134666,,0.05000000074505806,0.010000000000000002,-6.501365661621094,0.0,100.0,1.0
13700,16.96788787841797,16.96788787841797,1.4582130654338847,0.014772415161132812,0.022497098614538316,,0.05000000074505806,0.010000000000000002,-11.847668011983236,0.0,99.99999237060547,1.0
13800,16.912046432495117,16.912047068277996,1.5809113640517511,0.011123021443684896,0.028300508198141373,,0.05000000074505806,0.010000000000000002,-8.832514444986979,0.0,100.0,1.0
13900,16.9397029876709,16.939701080322266,1.6294488794473718,0.002712249755859375,0.03686674077596203,,0.05000000074505806,0.010000000000000002,-2.281902313232422,0.0,99.99999237060547,1.0
14000,16.988317489624023,16.988316853841145,1.6164336211074284,0.0041764577229817705,0.028216991262539487,-103.61625671386719,0.05000000074505806,0.010000000000000002,-2.951435407002767,0.0,100.0,1.0
14100,17.145828247070312,17.14582888285319,1.6749051880542403,-0.029043197631835938,0.09441025734524684,,0.05000000074505806,0.010000000000000002,24.25564448038737,0.0,100.0,1.0
14200,17.149982452392578,17.149981180826824,1.77197476715305,-0.05804443359375,0.11704589788252276,,0.05000000074505806,0.010000000000000002,45.71367867787679,0.0,100.0,1.0
14300,17.024261474609375,17.02426052093506,1.5870936513185099,-0.020162582397460938,0.05912182478220541,,0.05000000074505806,0.010000000000000002,16.091423829396565,0.0,100.00000762939453,1.0
14400,17.05293083190918,17.052929560343426,1.576537064000445,0.006139119466145833,0.021318508924825758,,0.05000000074505806,0.010000000000000002,-5.012194633483887,0.0,100.00000762939453,1.0
14500,17.14698028564453,17.146979014078777,1.6311454553480627,-0.045482635498046875,0.0885736548912229,,0.05000000074505806,0.010000000000000002,38.64302666982015,0.0,100.0,1.0
14600,17.06546974182129,17.06546910603841,1.6735420983419291,-0.02158037821451823,0.07163219689110263,,0.05000000074505806,0.010000000000000002,16.823363939921062,0.0,100.0,1.0
14700,17.05754280090332,17.05754216512044,1.5228274404973114,-0.014474232991536459,0.047897475845220985,,0.05000000074505806,0.010000000000000002,11.1298459370931,0.0,100.0,1.0
14800,17.07732582092285,17.077325503031414,1.7206356603728583,-0.029997507731119793,0.07793328426248176,,0.05000000074505806,0.010000000000000002,24.247130076090496,0.0,99.99999237060547,1.0
14900,17.027647018432617,17.027647018432617,1.894556696828191,-0.05463854471842448,0.11365708640613996,,0.05000000074505806,0.010000000000000002,42.97858174641927,0.0,99.99999237060547,1.0
15000,17.0438232421875,17.0438232421875,1.820107447518075,-0.0562890370686849,0.10424794006971888,-103.61625671386719,0.05000000074505806,0.010000000000000002,46.74251778920492,0.0,100.0,1.0
15100,17.007970809936523,17.007970809936523,1.7962176431884693,-0.06803194681803386,0.12742298443168293,,0.05000000074505806,0.010000000000000002,55.6711622873942,0.0,99.99999237060547,1.0
15200,17.047718048095703,17.047717412312824,1.9014584487486208,-0.09160677591959636,0.16327370320806403,,0.05000000074505806,0.010000000000000002,76.2854814529419,0.0,99.99999237060547,1.0
15300,17.086166381835938,17.08616542816162,1.8394444804414336,-0.09655062357584636,0.15906295516986158,,0.05000000074505806,0.010000000000000002,80.60634883244832,0.0,100.0,1.0
15400,17.089893341064453,17.0898920694987,1.7927799273276794,-0.10631370544433594,0.17282322128990615,,0.05000000074505806,0.010000000000000002,87.35668659210205,0.0,99.99999237060547,1.0
15500,17.10537338256836,17.105372111002605,1.9000999568248547,-0.12892913818359375,0.21550668951213775,,0.05000000074505806,0.010000000000000002,102.0360819498698,0.0,100.00000762939453,1.0
15600,17.128536224365234,17.128535588582356,1.8221504396720398,-0.0802447001139323,0.13810252866676728,,0.05000000074505806,0.010000000000000002,63.907120068868004,0.0,99.99999237060547,1.0
15700,17.100505828857422,17.10050614674886,1.7805621619188063,-0.07850710550944011,0.1405189565912881,,0.05000000074505806,0.010000000000000002,63.72756703694662,0.0,99.99999237060547,1.0
15800,17.212081909179688,17.21208318074544,1.8546225854347549,-0.11547406514485677,0.19344251990441158,,0.05000000074505806,0.010000000000000002,93.69067128499348,0.0,99.99999237060547,1.0
15900,17.246807098388672,17.246807098388672,1.8360941823221115,-0.1436595916748047,0.2342512580854762,,0.05000000074505806,0.010000000000000002,116.2826410929362,0.0,100.0,1.0
16000,17.125537872314453,17.12553532918294,1.9637860102883558,-0.17068990071614584,0.26827080911750534,-103.61625671386719,0.05000000074505806,0.010000000000000002,137.2149985631307,0.0,100.0,1.0
16100,17.081939697265625,17.081939061482746,1.9527549917211318,-0.16742324829101562,0.27328494148016397,,0.05000000074505806,0.010000000000000002,137.58295122782388,0.0,100.00000762939453,1.0
16200,17.06692886352539,17.066928227742512,1.8950886762259895,-0.12307802836100261,0.21402811169856512,,0.05000000074505806,0.010000000000000002,98.89352258046468,0.0,99.99999237060547,1.0
16300,17.092510223388672,17.09251085917155,1.9271242193259404,-0.15943527221679688,0.25696519898159154,,0.05000000074505806,0.010000000000000002,125.17147445678711,0.0,100.0,1.0
16400,17.117843627929688,17.117844263712566,1.95484151247747,-0.12367947896321614,0.21033255969666254,,0.05000000074505806,0.010000000000000002,100.57245508829753,0.0,99.99999237060547,1.0
16500,17.005163192749023,17.005162556966145,2.112018813580008,-0.15397071838378906,0.26315883614926905,,0.05000000074505806,0.010000000000000002,122.07317574818929,0.0,100.00000762939453,1.0
16600,16.922439575195312,16.922438939412434,2.1275472939934135,-0.10857137044270833,0.21082732046345137,,0.05000000074505806,0.010000000000000002,88.99740409851074,0.0,100.0,1.0
16700,16.91324234008789,16.913240432739258,1.8653365878640749,-0.05676396687825521,0.1319100446258094,,0.05000000074505806,0.010000000000000002,44.97432009379069,0.0,100.0,1.0
16800,16.91116714477539,16.91116778055827,1.704478684988598,-0.029768625895182293,0.08641073270426325,,0.05000000074505806,0.010000000000000002,24.59492556254069,0.0,100.0,1.0
16900,16.862991333007812,16.862990697224934,1.8432513557851804,-0.02017656962076823,0.07131217947414262,,0.05000000074505806,0.010000000000000002,16.581732749938965,0.0,100.00000762939453,1.0
17000,16.858078002929688,16.858078002929688,1.7331871014411748,-0.005875905354817708,0.04174770104850308,-103.61625671386719,0.05000000074505806,0.010000000000000002,4.319891035556793,0.0,100.0,1.0
17100,16.84424591064453,16.844244321187336,1.8379383000214475,-0.07847340901692708,0.1620350460882471,,0.05000000074505806,0.010000000000000002,66.64801788330078,0.0,99.99999237060547,1.0
17200,16.724803924560547,16.724804242451984,1.4985152561039106,0.009661992390950521,0.024382154173478904,,0.05000000074505806,0.010000000000000002,-8.213730494181315,0.0,99.99999237060547,1.0
17300,16.695682525634766,16.695682525634766,1.2513133689363358,0.009089152018229166,0.01902918957291603,,0.05000000074505806,0.010000000000000002,-7.252255360285441,0.0,99.99999237060547,1.0
17400,16.7099552154541,16.709954261779785,1.2518645297697453,0.011156082153320312,0.020077609206301347,,0.05000000074505806,0.010000000000000002,-9.492403030395508,0.0,100.00000762939453,1.0
17500,16.679977416992188,16.67997709910075,1.4815231408258187,0.009561538696289062,0.03259127904559235,,0.05000000074505806,0.010000000000000002,-7.450570424397786,0.0,99.99999237060547,1.0
17600,16.645034790039062,16.645034472147625,1.339089210994672,0.006369272867838542,0.028183738674509528,,0.05000000074505806,0.010000000000000002,-5.425187269846599,0.0,100.00000762939453,1.0
17700,16.60226821899414,16.602266947428387,1.3269675308062672,0.009710947672526041,0.031499000005214474,,0.05000000074505806,0.010000000000000002,-8.047428766886393,0.0,100.0,1.0
17800,16.52090835571289,16.52090835571289,1.4440859863937787,0.013285954793294271,0.03193340158722679,,0.05000000074505806,0.010000000000000002,-10.811228434244791,0.0,100.0,1.0
17900,16.566539764404297,16.5665381749471,1.367476698179437,0.008348464965820312,0.027452870910247826,,0.05000000074505806,0.010000000000000002,-6.646064917246501,0.0,100.00000762939453,1.0
18000,16.593446731567383,16.593445777893066,1.3140544168500594,0.010377883911132812,0.01644287898793417,-103.61625671386719,0.05000000074505806,0.010000000000000002,-8.284005165100098,0.0,99.99999237060547,1.0
18100,16.516643524169922,16.516642252604168,1.1976877840568412,0.006563822428385417,0.013641693562446598,,0.05000000074505806,0.010000000000000002,-5.315590778986613,0.0,100.00000762939453,1.0
18200,16.434677124023438,16.434677124023438,1.081742582902302,0.0068047841389973955,0.014152191166125469,,0.05000000074505806,0.010000000000000002,-5.167757232983907,0.0,100.00000762939453,1.0
18300,16.431074142456055,16.4310728708903,1.005652640063334,0.007955551147460938,0.014322414872562207,,0.05000000074505806,0.010000000000000002,-6.5316691398620605,0.0,99.99999237060547,1.0
18400,16.410438537597656,16.410438537597656,1.1509309192226032,0.012882232666015625,0.00979285665366649,,0.05000000074505806,0.010000000000000002,-10.374536037445068,0.0,100.0,1.0
18500,16.39965057373047,16.39965057373047,1.120891306790431,0.00730133056640625,0.016524819963565262,,0.05000000074505806,0.010000000000000002,-6.268930157025655,0.0,100.00000762939453,1.0
18600,16.48141098022461,16.48141034444173,0.9130734506005642,0.006170908610026042,0.010240967466066,,0.05000000074505806,0.010000000000000002,-5.1045676072438555,0.0,100.0,1.0
18700,16.494522094726562,16.494521458943684,1.0027951640835,0.010079065958658854,0.01013348969179064,,0.05000000074505806,0.010000000000000002,-8.083001613616943,0.0,100.0,1.0
18800,16.670211791992188,16.67021115620931,0.7412883056905584,0.003552118937174479,0.007107121640355958,,0.05000000074505806,0.010000000000000002,-2.7105894883473716,0.0,100.0,1.0
18900,16.473487854003906,16.473488171895344,0.9498932467615473,0.008297602335611979,0.00982691292770025,,0.05000000074505806,0.010000000000000002,-6.512034734090169,0.0,100.0,1.0
19000,16.55870819091797,16.55870819091797,0.5322795485716771,0.0076224009195963545,0.0014507509305140215,-103.61625671386719,0.05000000074505806,0.010000000000000002,-6.124017079671224,0.0,100.0,1.0
19100,16.66216278076172,16.662160873413086,0.6385821382947962,0.00778961181640625,0.005097464307250451,,0.05000000074505806,0.010000000000000002,-6.410663843154907,0.0,99.99999237060547,1.0
19200,16.68531036376953,16.685309092203777,0.5479214186683863,0.010452906290690104,0.010482271943086643,,0.05000000074505806,0.010000000000000002,-8.335885842641195,0.0,100.0,1.0
19300,16.572830200195312,16.57282892862956,0.5418002731544191,0.0055395762125651045,0.006593675502687206,,0.05000000074505806,0.010000000000000002,-4.4558003942171736,0.0,100.0,1.0
19400,16.383079528808594,16.383078575134277,0.7197150742865671,0.009446461995442709,0.005685343192627247,,0.05000000074505806,0.010000000000000002,-7.489071806271871,0.0,100.00000762939453,1.0
19500,16.31524085998535,16.315240542093914,0.7494045132555839,0.010908762613932291,0.006743343686706095,,0.05000000074505806,0.010000000000000002,-8.836511770884195,0.0,100.0,1.0
19600,16.41179847717285,16.411797841389973,0.6634423396618507,0.009553273518880209,0.002923597495282977,,0.05000000074505806,0.010000000000000002,-7.577457586924235,0.0,100.0,1.0
19700,16.473247528076172,16.473246892293293,0.7653235784264552,0.005372365315755208,0.005308944105919641,,0.05000000074505806,0.010000000000000002,-4.293740908304851,0.0,100.0,1.0
19800,16.38262939453125,16.38263003031413,0.691758520557543,0.0074583689371744795,0.006680929845709867,,0.05000000074505806,0.010000000000000002,-6.141297698020935,0.0,100.0,1.0
19900,16.58858871459961,16.58858807881673,0.6210577198260784,0.006727854410807292,0.0058522233211258665,,0.05000000074505806,0.010000000000000002,-5.387928446133931,0.0,100.0,1.0
20000,16.550769805908203,16.55076853434245,0.6077893991004544,0.0069840749104817705,0.006818163621639195,-103.61625671386719,0.05000000074505806,0.010000000000000002,-5.679637650648753,0.0,100.0,1.0
20100,16.436763763427734,16.436763763427734,0.9783521653035592,0.0056451161702473955,0.015331682483986373,,0.05000000074505806,0.010000000000000002,-4.816891670227051,0.0,99.99999237060547,1.0
20200,16.56192398071289,16.561922709147137,0.9816604320309404,0.00508880615234375,0.017178836434725647,,0.05000000074505806,0.010000000000000002,-4.292898972829183,0.0,100.0,1.0
20300,16.56085968017578,16.56085968017578,0.7495284361390955,0.007233937581380208,0.011689239207654719,,0.05000000074505806,0.010000000000000002,-5.550006866455078,0.0,100.0,1.0
20400,16.433246612548828,16.43324597676595,1.0990425026688126,0.004954020182291667,0.015495806886668708,,0.05000000074505806,0.010000000000000002,-3.7777512868245444,0.0,100.0,1.0
20500,16.464628219604492,16.46462885538737,1.2190914003101694,0.005229949951171875,0.0146978033243084,,0.05000000074505806,0.010000000000000002,-4.227391084035237,0.0,100.0,1.0
20600,16.439353942871094,16.439353307088215,1.3263327739950603,0.0069573720296223955,0.01795965052178005,,0.05000000074505806,0.010000000000000002,-5.603292465209961,0.0,100.0,1.0
20700,16.447174072265625,16.44717311859131,1.0465246025081871,0.0055853525797526045,0.01340994689306896,,0.05000000074505806,0.010000000000000002,-4.492712656656901,0.0,99.99999237060547,1.0
20800,16.438785552978516,16.438785552978516,0.879863892503632,0.009024302164713541,0.013198036316836742,,0.05000000074505806,0.010000000000000002,-7.208300272623698,0.0,100.00000762939453,1.0
20900,16.30107307434082,16.301072120666504,0.9368535888966705,0.0040060679117838545,0.01514105615567616,,0.05000000074505806,0.010000000000000002,-2.9570648670196533,0.0,100.0,1.0
21000,16.241641998291016,16.241641998291016,1.2452474231604644,0.0076936086018880205,0.01404016350953888,-103.61625671386719,0.05000000074505806,0.010000000000000002,-6.191760698954265,0.0,100.0,1.0
21100,16.31944465637207,16.31944402058919,0.9817689166728977,0.009373346964518229,0.012040510992275093,,0.05000000074505806,0.010000000000000002,-7.637615203857422,0.0,100.0,1.0
21200,16.491954803466797,16.49195448557536,1.077196607028331,0.0057608286539713545,0.008455548386165633,,0.05000000074505806,0.010000000000000002,-4.55193567276001,0.0,99.99999237060547,1.0
21300,16.45621109008789,16.45621109008789,1.3522838549676697,0.005716959635416667,0.01965236058847014,,0.05000000074505806,0.010000000000000002,-4.200446446736653,0.0,100.00000762939453,1.0
21400,16.313400268554688,16.31339963277181,1.4486195316690222,0.0063546498616536455,0.022220431278426895,,0.05000000074505806,0.010000000000000002,-4.756277084350586,0.0,100.0,1.0
21500,16.40526580810547,16.405266443888348,1.4774490300026366,0.0032806396484375,0.009670537584653499,,0.05000000074505806,0.010000000000000002,-2.6699838638305664,0.0,99.99999237060547,1.0
21600,16.39572525024414,16.395724932352703,1.6524104276096352,-0.020811080932617188,0.06068799885692681,,0.05000000074505806,0.010000000000000002,16.750548998514812,0.0,100.00000762939453,1.0
21700,16.514389038085938,16.51438808441162,1.5310689313128,-0.009815216064453125,0.03717112788450678,,0.05000000074505806,0.010000000000000002,7.8900909423828125,0.0,99.99999237060547,1.0
21800,16.40240478515625,16.402404467264812,1.6682853599619651,0.012176513671875,0.0273016752445284,,0.05000000074505806,0.010000000000000002,-9.95700709025065,0.0,100.0,1.0
21900,16.40570640563965,16.40570576985677,1.65895998967404,0.006650288899739583,0.026644025807239187,,0.05000000074505806,0.010000000000000002,-5.545787175496419,0.0,100.0,1.0
22000,16.437427520751953,16.437428156534832,1.6599936993433286,0.0075283050537109375,0.020921214327394005,-103.61625671386719,0.05000000074505806,0.010000000000000002,-6.499197006225586,0.0,100.00000762939453,1.0
22100,16.5883731842041,16.588372548421223,1.7823929807354637,0.0071315765380859375,0.028678898271372783,,0.05000000074505806,0.010000000000000002,-5.390135447184245,0.0,100.00000762939453,1.0
22200,16.541889190673828,16.541889190673828,1.8298198591250785,-0.009821573893229166,0.05367353261533881,,0.05000000074505806,0.010000000000000002,7.934897104899089,0.0,99.99999237060547,1.0
22300,16.49673080444336,16.496729850769043,1.77807614364726,0.0073019663492838545,0.027249091165257023,,0.05000000074505806,0.010000000000000002,-5.963151295979817,0.0,100.0,1.0
22400,16.49163055419922,16.49163055419922,1.625721594473367,0.003973642985026042,0.029791954366494806,,0.05000000074505806,0.010000000000000002,-3.177616755167643,0.0,100.0,1.0
22500,16.462955474853516,16.4629545211792,1.626177250144531,0.00592041015625,0.033351924190418755,,0.05000000074505806,0.010000000000000002,-5.035233815511067,0.0,100.00000762939453,1.0
22600,16.638412475585938,16.638411204020183,1.9215865423204634,0.0077056884765625,0.04233530688080869,,0.05000000074505806,0.010000000000000002,-6.369587580362956,0.0,100.0,1.0
22700,16.511676788330078,16.511675516764324,1.6721062540220855,0.00571441650390625,0.037791177647022,,0.05000000074505806,0.010000000000000002,-4.653171539306641,0.0,99.99999237060547,1.0
22800,16.517528533935547,16.517529169718426,1.5499107168619044,0.008003870646158854,0.028015618847064515,,0.05000000074505806,0.010000000000000002,-6.349917093912761,0.0,100.00000762939453,1.0
22900,16.56720733642578,16.56720511118571,1.3388363236055731,0.0049724578857421875,0.024587825915134694,,0.05000000074505806,0.010000000000000002,-4.0572590827941895,0.0,100.00000762939453,1.0
23000,16.690120697021484,16.69011878967285,1.3073368860150467,0.0017439524332682292,0.021283291191402775,-103.61625671386719,0.05000000074505806,0.010000000000000002,-1.7717971801757812,0.0,100.0,1.0
23100,16.676483154296875,16.67648188273112,1.3504787793241142,0.011078516642252604,0.02876274201349243,,0.05000000074505806,0.010000000000000002,-8.644697825113932,0.0,100.0,1.0
23200,16.645832061767578,16.6458314259847,1.260147197338625,0.0048821767171223955,0.028065060767144705,,0.05000000074505806,0.010000000000000002,-4.02985159556071,0.0,100.0,1.0
23300,16.57848358154297,16.578484217325848,1.173774309128038,0.012243270874023438,0.024970258044347323,,0.05000000074505806,0.010000000000000002,-10.03387705485026,0.0,100.0,1.0
23400,16.5399169921875,16.539915720621746,1.204120169538067,0.006376902262369792,0.020688330914638908,,0.05000000074505806,0.010000000000000002,-4.918120384216309,0.0,100.0,1.0
23500,16.526348114013672,16.526346524556477,1.1301449609630276,0.008497873942057291,0.017733822683178375,,0.05000000074505806,0.010000000000000002,-7.060561498006185,0.0,100.0,1.0
23600,16.633441925048828,16.633440017700195,0.8955066871461038,0.009461720784505209,0.016752135605947557,,0.05000000074505806,0.010000000000000002,-7.637538909912109,0.0,100.0,1.0
23700,16.540536880493164,16.540536880493164,0.9756898448946648,0.010821660359700521,0.01332923316902434,,0.05000000074505806,0.010000000000000002,-8.691139539082846,0.0,99.99999237060547,1.0
23800,16.51082992553711,16.510828653971355,0.9245078567266123,0.0058282216389973955,0.015581914294929576,,0.05000000074505806,0.010000000000000002,-4.598327000935872,0.0,99.99999237060547,1.0
23900,16.43195152282715,16.43195152282715,0.8377338143615581,0.014938990275065104,0.006222597456236115,,0.05000000074505806,0.010000000000000002,-12.082141399383545,0.0,100.0,1.0
24000,16.60723304748535,16.607232411702473,1.0846077142209278,0.007579803466796875,0.018483345802449723,-103.61625671386719,0.05000000074505806,0.010000000000000002,-6.342889308929443,0.0,100.0,1.0
24100,16.54843521118164,16.548434575398762,0.9955509748526333,0.015444437662760416,0.02829195566669041,,0.05000000074505806,0.010000000000000002,-12.447181701660156,0.0,100.00000762939453,1.0
24200,16.550992965698242,16.55099105834961,1.0092340792812624,0.015635172526041668,0.019096105282146756,,0.05000000074505806,0.010000000000000002,-12.682428240776062,0.0,100.00000762939453,1.0
24300,16.4841251373291,16.484124183654785,1.4261452395928564,0.0067551930745442705,0.04014780840040991,,0.05000000074505806,0.010000000000000002,-5.01908810933431,0.0,100.00000762939453,1.0
24400,16.62197494506836,16.621973991394043,1.0887450461771186,0.006678263346354167,0.022805217648233265,,0.05000000074505806,0.010000000000000002,-5.395857810974121,0.0,99.99999237060547,1.0
24500,16.583444595336914,16.583443641662598,1.2344114123814873,0.01119232177734375,0.025820141935545615,,0.05000000074505806,0.010000000000000002,-8.992112477620443,0.0,100.0,1.0
24600,16.498798370361328,16.49879773457845,1.0522238612895642,0.010070164998372396,0.028472002935104705,,0.05000000074505806,0.010000000000000002,-7.748345692952474,0.0,100.0,1.0
24700,16.59244155883789,16.592439651489258,1.1161580563317162,0.008996327718098959,0.020874404841774965,,0.05000000074505806,0.010000000000000002,-7.370159943898519,0.0,100.0,1.0
24800,16.61283302307129,16.61283238728841,1.2186859920541955,0.012379964192708334,0.019629103212049765,,0.05000000074505806,0.010000000000000002,-10.010817209879557,0.0,100.00000762939453,1.0
24900,16.53693199157715,16.536930720011394,1.3709184718623058,0.008536020914713541,0.028941048175527714,,0.05000000074505806,0.010000000000000002,-7.0670426686604815,0.0,100.0,1.0
25000,16.449295043945312,16.449294726053875,1.169252910672325,0.015128453572591146,0.024754762649408565,-103.61625671386719,0.05000000074505806,0.010000000000000002,-12.748031616210938,0.0,99.99999237060547,1.0
25100,16.4378719329834,16.437870661417644,1.1826983893451903,0.011745452880859375,0.017097415339542274,,0.05000000074505806,0.010000000000000002,-9.204192320505777,0.0,100.0,1.0
25200,16.705310821533203,16.70530954996745,1.251830859404857,0.01434326171875,0.018516456437204842,,0.05000000074505806,0.010000000000000002,-10.942852973937988,0.0,100.00000762939453,1.0
25300,16.57742691040039,16.57742436726888,1.4435362909074299,0.013715108235677084,0.027373452563103848,,0.05000000074505806,0.010000000000000002,-11.35017204284668,0.0,100.00000762939453,1.0
25400,16.582284927368164,16.582284291585285,1.4143188691388877,0.009764353434244791,0.02727454064157799,,0.05000000074505806,0.010000000000000002,-7.793630917867024,0.0,100.00000762939453,1.0
25500,16.548105239868164,16.548104604085285,1.417124432144678,0.010277430216471354,0.03068552930611672,,0.05000000074505806,0.010000000000000002,-8.27980931599935,0.0,100.00000762939453,1.0
25600,16.599742889404297,16.59974257151286,1.2371033393712163,0.013696034749348959,0.022206464656355247,,0.05000000074505806,0.010000000000000002,-11.264195760091146,0.0,100.0,1.0
25700,16.585369110107422,16.585368156433105,1.2324949464090273,0.010618845621744791,0.0314121234306053,,0.05000000074505806,0.010000000000000002,-8.29524040222168,0.0,100.0,1.0
25800,16.556251525878906,16.556250890096027,1.0510960964479883,0.016179402669270832,0.019878403027500584,,0.05000000074505806,0.010000000000000002,-13.428104400634766,0.0,99.99999237060547,1.0
25900,16.55946922302246,16.55946922302246,1.0167722579154468,0.020325978597005207,0.016539050602690578,,0.05000000074505806,0.010000000000000002,-16.71831676363945,0.0,100.0,1.0
26000,16.482818603515625,16.48281733194987,0.9203999109626214,0.013280232747395834,0.008086568782927524,-103.61625671386719,0.05000000074505806,0.010000000000000002,-10.718056042989096,0.0,99.99999237060547,1.0
26100,16.48351287841797,16.483513514200848,1.01518691756218,0.018768310546875,0.01578956084538087,,0.05000000074505806,0.010000000000000002,-14.965806802113852,0.0,100.0,1.0
26200,16.410205841064453,16.410205205281574,1.0320170128801662,0.018169403076171875,0.01900295798198974,,0.05000000074505806,0.010000000000000002,-14.20599897702535,0.0,100.0,1.0
26300,16.36770248413086,16.367703437805176,1.097164924061483,0.018948872884114582,0.014511755727071859,,0.05000000074505806,0.010000000000000002,-15.37501605351766,0.0,100.0,1.0
26400,16.370405197143555,16.370403289794922,1.0456339154957242,0.022185643513997395,0.021879709832808462,,0.05000000074505806,0.010000000000000002,-18.415193955103557,0.0,99.99999237060547,1.0
26500,16.39780044555664,16.39780076344808,0.9358330850375487,0.0120849609375,0.01356855348633444,,0.05000000074505806,0.010000000000000002,-9.714651862780253,0.0,100.0,1.0
26600,16.417278289794922,16.41727638244629,1.097163059905037,0.017504374186197918,0.01692988184573485,,0.05000000074505806,0.010000000000000002,-14.025905211766561,0.0,100.00000762939453,1.0
26700,16.393632888793945,16.39363161722819,1.206918066663241,0.017220179239908855,0.010977392330266855,,0.05000000074505806,0.010000000000000002,-13.909029801686605,0.0,99.99999237060547,1.0
26800,16.386198043823242,16.386198043823242,1.2102506522815126,0.01973406473795573,0.012835718215246759,,0.05000000074505806,0.010000000000000002,-16.098050753275555,0.0,99.99999237060547,1.0
26900,16.429737091064453,16.429736137390137,1.1931422903038387,0.018480936686197918,0.015105048155959644,,0.05000000074505806,0.010000000000000002,-15.2232612768809,0.0,99.99999237060547,1.0
27000,16.467342376708984,16.467342376708984,1.0922183755406156,0.014767328898111979,0.01136244388920684,-103.61625671386719,0.05000000074505806,0.010000000000000002,-11.71716582775116,0.0,99.99999237060547,1.0
27100,16.49251937866211,16.49251874287923,1.1005013043970524,0.0217742919921875,0.012595447299950598,,0.05000000074505806,0.010000000000000002,-17.78972562154134,0.0,100.0,1.0
27200,16.518491744995117,16.5184907913208,0.8612507398073485,0.018560409545898438,0.009476029477115625,,0.05000000074505806,0.010000000000000002,-15.023987770080566,0.0,100.0,1.0
27300,16.41580581665039,16.415805498758953,0.859145081043088,0.018082300821940105,0.004672781577832425,,0.05000000074505806,0.010000000000000002,-14.483894030253092,0.0,100.0,1.0
27400,16.231414794921875,16.23141352335612,0.9884525232721489,0.022399266560872395,0.019275992440815765,,0.05000000074505806,0.010000000000000002,-17.97358028093974,0.0,100.0,1.0
27500,16.21847915649414,16.218478520711262,1.0377770834286517,0.024765650431315105,0.01971872281418759,,0.05000000074505806,0.010000000000000002,-19.553587913513184,0.0,100.0,1.0
27600,16.114248275756836,16.114247004191082,0.9941379848529273,0.01976331075032552,0.010752691107735034,,0.05000000074505806,0.010000000000000002,-16.122503121693928,0.0,100.0,1.0
27700,16.085948944091797,16.085947672526043,0.9945879778097289,0.02538299560546875,0.014234074499651597,,0.05000000074505806,0.010000000000000002,-20.49039141337077,0.0,99.99999237060547,1.0
27800,16.038545608520508,16.03854497273763,0.8610763358420498,0.026180267333984375,0.024630911076981638,,0.05000000074505806,0.010000000000000002,-21.064152081807453,0.0,100.0,1.0
27900,15.997600555419922,15.997600873311361,0.8322789861275295,0.034352620442708336,0.03516770410312868,,0.05000000074505806,0.010000000000000002,-27.577797094980877,0.0,100.00000762939453,1.0
28000,16.05545425415039,16.05545425415039,0.704234127677145,0.0313269297281901,0.011645636027730152,-103.61625671386719,0.05000000074505806,0.010000000000000002,-25.847604433695476,0.0,100.0,1.0
28100,16.021427154541016,16.021424611409504,0.6637715727572686,0.03170204162597656,0.012240930911977118,,0.05000000074505806,0.010000000000000002,-25.354106903076172,0.0,100.00000762939453,1.0
28200,16.050704956054688,16.050703366597492,0.5332862423594013,0.03355725606282552,0.01701794058284448,,0.05000000074505806,0.010000000000000002,-26.35792636871338,0.0,99.99999237060547,1.0
28300,16.11589241027832,16.11589177449544,0.5514561007950971,0.033184051513671875,0.02177649668158395,,0.05000000074505806,0.010000000000000002,-27.216960271199543,0.0,100.0,1.0
28400,16.146696090698242,16.146696090698242,0.6575563158623806,0.03658612569173177,0.016186445814425722,,0.05000000074505806,0.010000000000000002,-28.897775014241535,0.0,99.99999237060547,1.0
28500,16.22460174560547,16.224602063496906,0.5249933694747916,0.04302406311035156,0.024458111870398296,,0.05000000074505806,0.010000000000000002,-34.34824641545614,0.0,100.0,1.0
28600,16.254589080810547,16.25458876291911,0.4313698599235756,0.03601837158203125,0.02611606328524022,,0.05000000074505806,0.010000000000000002,-28.525031367937725,0.0,100.0,1.0
28700,16.410755157470703,16.410754521687824,0.5360215827033775,0.036937713623046875,0.02578823414451955,,0.05000000074505806,0.010000000000000002,-29.886695484320324,0.0,100.00000762939453,1.0
28800,16.34852409362793,16.348523775736492,0.6657363517394258,0.03426361083984375,0.021051153138999763,,0.05000000074505806,0.010000000000000002,-27.388747215270996,0.0,100.0,1.0
28900,16.31136131286621,16.31136131286621,0.5917630145747699,0.0337066650390625,0.02333964764615397,,0.05000000074505806,0.010000000000000002,-27.487049261728924,0.0,100.00000762939453,1.0
29000,16.421894073486328,16.421894073486328,0.6703081313007081,0.05215136210123698,0.021766733370077312,-103.61625671386719,0.05000000074505806,0.010000000000000002,-41.486097971598305,0.0,100.0,1.0
29100,16.552452087402344,16.552451451619465,0.6166083986568852,0.04297065734863281,0.015700976591298224,,0.05000000074505806,0.010000000000000002,-34.53972562154134,0.0,99.99999237060547,1.0
29200,16.298171997070312,16.298169771830242,0.5656085955855219,0.03397432963053385,0.01542002607800363,,0.05000000074505806,0.010000000000000002,-27.34700584411621,0.0,99.99999237060547,1.0
29300,16.278709411621094,16.278710047403973,0.5721661543808491,0.03715833028157552,0.016198820195376367,,0.05000000074505806,0.010000000000000002,-30.175376892089844,0.0,100.0,1.0
29400,16.30269432067871,16.302693367004395,0.5205587497046332,0.0343011220296224,0.014858479865922822,,0.05000000074505806,0.010000000000000002,-27.274744669596355,0.0,100.0,1.0
29500,16.183752059936523,16.18375078837077,0.3679296698354623,0.029774983723958332,0.005011555618961196,,0.05000000074505806,0.010000000000000002,-23.8975887298584,0.0,100.0,1.0
29600,16.140350341796875,16.140350341796875,0.4238500765572487,0.02433013916015625,0.020646847994841788,,0.05000000074505806,0.010000000000000002,-19.84279719988505,0.0,99.99999237060547,1.0
29700,16.341407775878906,16.34140682220459,0.5502344711793395,0.03157997131347656,0.016775300778877948,,0.05000000074505806,0.010000000000000002,-25.212730407714844,0.0,100.0,1.0
29800,16.412994384765625,16.412995020548504,0.5412030387112969,0.030054728190104168,0.022345309495318492,,0.05000000074505806,0.010000000000000002,-24.341002543767292,0.0,100.0,1.0
29900,16.45391845703125,16.453919728597004,0.41168596564932164,0.02081298828125,0.013508509307346669,,0.05000000074505806,0.010000000000000002,-16.989778518676758,0.0,99.99999237060547,1.0
30000,16.380756378173828,16.38075574239095,0.40686339908469277,0.018440882364908855,0.009429899019831668,-103.61625671386719,0.05000000074505806,0.010000000000000002,-15.088691075642904,0.0,100.0,1.0
30100,16.35512924194336,16.355127970377605,0.22663136960074387,0.024710973103841145,0.028422834909806804,,0.05000000074505806,0.010000000000000002,-20.3938161333402,0.0,99.99999237060547,1.0
30200,16.374744415283203,16.37474314371745,0.24813433041736654,0.026714324951171875,0.01933306664088921,,0.05000000074505806,0.010000000000000002,-21.382876475652058,0.0,100.0,1.0
30300,16.481868743896484,16.481869061787922,0.45288712914601365,0.025755564371744793,0.01016685458870793,,0.05000000074505806,0.010000000000000002,-21.066089312235516,0.0,99.99999237060547,1.0
30400,16.448659896850586,16.448659261067707,0.5125899415933133,0.022150675455729168,0.00508433806232791,,0.05000000074505806,0.010000000000000002,-17.820274353027344,0.0,100.00000762939453,1.0
30500,16.518644332885742,16.518643697102863,0.33458471292415,0.021701812744140625,0.007469197215753966,,0.05000000074505806,0.010000000000000002,-17.30772336324056,0.0,100.0,1.0
30600,16.38758659362793,16.38758595784505,0.31098472553398626,0.021744410196940105,0.01457851008977684,,0.05000000074505806,0.010000000000000002,-17.65894277890523,0.0,100.0,1.0
30700,16.278926849365234,16.27892557779948,0.17912858848726756,0.023585001627604168,0.013732991159459211,,0.05000000074505806,0.010000000000000002,-19.15787649154663,0.0,100.0,1.0
30800,16.342012405395508,16.34201176961263,0.21576467363706617,0.028564453125,0.004902186056766449,,0.05000000074505806,0.010000000000000002,-23.038618087768555,0.0,100.0,1.0
30900,16.25440216064453,16.254401524861652,0.08187809425017593,0.027146021525065105,0.013064871761911668,,0.05000000074505806,0.010000000000000002,-22.208698908487957,0.0,99.99999237060547,1.0
31000,16.284530639648438,16.284531275431316,0.07555109643630067,0.020475387573242188,0.010957651661007851,-103.61625671386719,0.05000000074505806,0.010000000000000002,-16.457786242167156,0.0,100.00000762939453,1.0
31100,16.3004207611084,16.300419807434082,0.2734693763191987,0.019404093424479168,0.010167999810333166,,0.05000000074505806,0.010000000000000002,-15.732056299845377,0.0,100.00000762939453,1.0
31200,16.338716506958008,16.338715235392254,0.10596550871403437,0.02334276835123698,0.011043857283917949,,0.05000000074505806,0.010000000000000002,-19.32573350270589,0.0,99.99999237060547,1.0
31300,16.395742416381836,16.395741144816082,0.3292102070928417,0.023615519205729168,0.00991282051576769,,0.05000000074505806,0.010000000000000002,-19.048923174540203,0.0,99.99999237060547,1.0
31400,16.481754302978516,16.481755256652832,0.3602923270913897,0.015402475992838541,0.006487187279761085,,0.05000000074505806,0.010000000000000002,-12.736292680104574,0.0,100.0,1.0
31500,16.4481201171875,16.44811948140462,0.5344229507014614,0.024198532104492188,0.01258418818491498,,0.05000000074505806,0.010000000000000002,-19.480690320332844,0.0,100.0,1.0
31600,16.530311584472656,16.530310312906902,0.7475014063131488,0.017627716064453125,0.012808174276797892,,0.05000000074505806,0.010000000000000002,-14.177770614624023,0.0,100.0,1.0
31700,16.515949249267578,16.515947977701824,0.775184635603208,0.023342132568359375,0.018512081913492587,,0.05000000074505806,0.010000000000000002,-18.895315090815227,0.0,100.0,1.0
31800,16.543476104736328,16.54347578684489,0.6262333768314859,0.01905504862467448,0.009121189825785542,,0.05000000074505806,0.010000000000000002,-15.19767951965332,0.0,100.0,1.0
31900,16.594005584716797,16.594005902608234,0.44962116346895054,0.012368520100911459,0.0059159484363020725,,0.05000000074505806,0.010000000000000002,-9.805159091949463,0.0,100.0,1.0
32000,16.51874542236328,16.518744786580402,0.4936116712055615,0.01591809590657552,0.0028846882362380077,-103.61625671386719,0.05000000074505806,0.010000000000000002,-12.65144157409668,0.0,100.00000762939453,1.0
32100,16.55887222290039,16.558870315551758,0.5257526532787412,0.018372217814127605,0.004842342694263921,,0.05000000074505806,0.010000000000000002,-14.735090255737305,0.0,100.0,1.0
32200,16.58049774169922,16.580498377482098,0.6619622169551684,0.016888936360677082,0.013930175184736007,,0.05000000074505806,0.010000000000000002,-13.558525934815407,0.0,100.0,1.0
32300,16.601022720336914,16.60102144877116,0.5946722737550186,0.017721811930338543,0.011758318252740678,,0.05000000074505806,0.010000000000000002,-14.141002813975016,0.0,100.0,1.0
32400,16.609052658081055,16.609052975972492,0.7219951600988865,0.01593780517578125,0.0021039228386457534,,0.05000000074505806,0.010000000000000002,-12.63488515218099,0.0,100.00000762939453,1.0
32500,16.680870056152344,16.680870691935223,0.6749931478191903,0.013113021850585938,0.007143754925608206,,0.05000000074505806,0.010000000000000002,-10.125441471735636,0.0,100.0,1.0
32600,16.697845458984375,16.697845141092937,0.7176236242242351,0.015956878662109375,0.010989215700942379,,0.05000000074505806,0.010000000000000002,-13.105543931325277,0.0,100.0,1.0
32700,16.83237075805664,16.83237139383952,0.3928023338618243,0.012787501017252604,0.013508733132158942,,0.05000000074505806,0.010000000000000002,-10.190780460834503,0.0,100.0,1.0
32800,16.822607040405273,16.822606404622395,0.46593825255129584,0.012079874674479166,0.011774450447806499,,0.05000000074505806,0.010000000000000002,-9.593416094779968,0.0,100.0,1.0
32900,16.670970916748047,16.670969645182293,0.7734527863853511,0.015361150105794271,0.007327185522223279,,0.05000000074505806,0.010000000000000002,-12.466869195302328,0.0,100.0,1.0
33000,16.872570037841797,16.872570673624676,0.5558434539513147,0.00982666015625,0.011843465152451469,-103.61625671386719,0.05000000074505806,0.010000000000000002,-8.071851909160614,0.0,99.99999237060547,1.0
33100,16.86764907836914,16.867648442586262,0.5306687671980643,0.012210210164388021,0.01212759560395577,,0.05000000074505806,0.010000000000000002,-10.052899678548178,0.0,100.0,1.0
33200,16.824525833129883,16.824525197347004,0.5202918058150312,0.011391957600911459,0.0061638257126934645,,0.05000000074505806,0.010000000000000002,-9.200060844421387,0.0,100.0,1.0
33300,16.844165802001953,16.8441645304362,0.6698475528026598,0.010231653849283854,0.01402993089153226,,0.05000000074505806,0.010000000000000002,-8.554093370834986,0.0,100.00000762939453,1.0
33400,16.852447509765625,16.85244623819987,0.4710785469926651,0.0072231292724609375,0.00917419874953263,,0.05000000074505806,0.010000000000000002,-5.88709036509196,0.0,100.0,1.0
33500,16.828311920166016,16.82831064860026,0.8486472973586807,0.008806228637695312,0.010848028203929725,,0.05000000074505806,0.010000000000000002,-7.1472989320755005,0.0,100.0,1.0
33600,16.84241485595703,16.842413584391277,0.6674974985022037,0.007321675618489583,0.0036323508280618868,,0.05000000074505806,0.010000000000000002,-5.9392476081848145,0.0,100.0,1.0
33700,16.84576416015625,16.845762252807617,0.7146130692596038,0.005228678385416667,0.008443172724816409,,0.05000000074505806,0.010000000000000002,-4.097657362620036,0.0,99.99999237060547,1.0
33800,16.957746505737305,16.957746823628742,0.6886080424561049,0.004154205322265625,0.002531988367765154,,0.05000000074505806,0.010000000000000002,-3.2827202479044595,0.0,100.0,1.0
33900,17.026691436767578,17.026690165201824,1.0276127580802124,0.004095713297526042,0.007993712658207627,,0.05000000074505806,0.010000000000000002,-3.4029733339945474,0.0,100.0,1.0
34000,16.834821701049805,16.83482042948405,0.8259471365195414,0.0073744455973307295,0.00034854357272132575,-103.61625671386719,0.05000000074505806,0.010000000000000002,-5.893194516499837,0.0,99.99999237060547,1.0
34100,16.982494354248047,16.982493718465168,0.8070201414164743,0.006078084309895833,0.0104919952978501,,0.05000000074505806,0.010000000000000002,-4.954172929128011,0.0,100.00000762939453,1.0
34200,17.02798080444336,17.027979532877605,0.6577562511276762,0.0035044352213541665,0.0030906493201757123,,0.05000000074505806,0.010000000000000002,-2.8520760536193848,0.0,100.00000762939453,1.0
34300,16.98035430908203,16.980353673299152,1.0145620831096316,0.0038960774739583335,0.008975130321627094,,0.05000000074505806,0.010000000000000002,-3.2422526677449546,0.0,99.99999237060547,1.0
34400,16.92264175415039,16.922640482584637,0.9293009643653649,0.0060265858968098955,0.008534685647292537,,0.05000000074505806,0.010000000000000002,-4.655422846476237,0.0,100.0,1.0
34500,16.94007110595703,16.94007110595703,0.6893954693651749,0.0037555694580078125,0.0018416976239975771,,0.05000000074505806,0.010000000000000002,-3.0701793829600015,0.0,100.0,1.0
34600,16.907241821289062,16.907241185506184,0.8390889442653572,0.0058472951253255205,0.0044620116565801254,,0.05000000074505806,0.010000000000000002,-4.809690271193783,0.0,100.0,1.0
34700,16.918787002563477,16.918786366780598,1.0062202754077012,0.0044027964274088545,0.0074905613371167275,,0.05000000074505806,0.010000000000000002,-3.4348305066426597,0.0,100.0,1.0
34800,17.061019897460938,17.061017990112305,1.006455326183335,0.004194895426432292,0.011295097906042292,,0.05000000074505806,0.010000000000000002,-3.203322728474935,0.0,100.0,1.0
34900,17.212919235229492,17.21291732788086,1.0584034601702033,-0.03988202412923177,0.06954837591227032,,0.05000000074505806,0.010000000000000002,32.993430296579994,0.0,100.0,1.0
35000,17.194602966308594,17.194603602091473,1.135746821769116,-0.058521270751953125,0.09834881803663788,-103.61625671386719,0.05000000074505806,0.010000000000000002,47.68526760737101,0.0,99.99999237060547,1.0
35100,17.127182006835938,17.127182642618816,1.1368894260498454,-0.011210759480794271,0.0380760426183775,,0.05000000074505806,0.010000000000000002,9.266320387522379,0.0,99.99999237060547,1.0
35200,16.995193481445312,16.995192845662434,1.1643889617365812,0.003085454305013021,0.010935616935745924,,0.05000000074505806,0.010000000000000002,-2.515770117441813,0.0,99.99999237060547,1.0
35300,16.91840934753418,16.918408075968426,1.0653271723427642,0.0035832722981770835,0.01292787642923871,,0.05000000074505806,0.010000000000000002,-2.9178717931111655,0.0,100.00000762939453,1.0
35400,16.94252586364746,16.942525545756023,1.4364397867651484,-0.0045998891194661455,0.030181803176593032,,0.05000000074505806,0.010000000000000002,3.784274419148763,0.0,100.0,1.0
35500,16.841136932373047,16.841135660807293,1.614413516309563,0.0054302215576171875,0.024009600696595516,,0.05000000074505806,0.010000000000000002,-4.04849910736084,0.0,100.0,1.0
35600,16.94037437438965,16.94037373860677,1.6428628376260959,-0.05470593770345052,0.10588990536979305,,0.05000000074505806,0.010000000000000002,42.71138000488281,0.0,100.0,1.0
35700,16.9072322845459,16.9072322845459,1.7576738043939892,-0.026686986287434895,0.06791667959155631,,0.05000000074505806,0.010000000000000002,22.29612668355306,0.0,100.00000762939453,1.0
35800,16.933319091796875,16.93331782023112,1.7908270545776686,-0.048367818196614586,0.10435492000276501,,0.05000000074505806,0.010000000000000002,38.28835900624593,0.0,100.0,1.0
35900,17.04708480834961,17.047082901000977,1.8367193823344852,-0.10326830546061198,0.16912495845722342,,0.05000000074505806,0.010000000000000002,84.70334720611572,0.0,100.0,1.0
36000,17.10057830810547,17.10057830810547,1.8506866052593318,-0.12749290466308594,0.20277712821630137,-103.61625671386719,0.05000000074505806,0.010000000000000002,106.31630595525105,0.0,100.0,1.0
36100,17.10449981689453,17.104499181111652,1.7507053361305376,-0.07077789306640625,0.12817913062427813,,0.05000000074505806,0.010000000000000002,59.36181354522705,0.0,99.99999237060547,1.0
36200,17.170007705688477,17.170007069905598,1.8069416933258726,-0.11709785461425781,0.1841197757437028,,0.05000000074505806,0.010000000000000002,94.62061285972595,0.0,100.00000762939453,1.0
36300,17.080698013305664,17.08069674173991,1.7323682697242277,-0.05306307474772135,0.10514758849250604,,0.05000000074505806,0.010000000000000002,42.89889144897461,0.0,100.00000762939453,1.0
36400,17.087085723876953,17.08708381652832,1.795773202669411,-0.10310935974121094,0.1740106691959998,,0.05000000074505806,0.010000000000000002,84.61800479888916,0.0,100.00001525878906,1.0
36500,16.93457794189453,16.934577306111652,1.744555649536138,0.0074151357014973955,0.022052248888046518,,0.05000000074505806,0.010000000000000002,-6.1475629806518555,0.0,99.99999237060547,1.0
36600,16.937557220458984,16.937556902567547,1.7328680250282535,0.011119842529296875,0.0255259908611734,,0.05000000074505806,0.010000000000000002,-8.793140411376953,0.0,100.0,1.0
36700,16.904949188232422,16.904947916666668,1.6552578465081627,0.007611592610677083,0.0206944487787123,,0.05000000074505806,0.010000000000000002,-6.097351710001628,0.0,100.00000762939453,1.0
36800,16.902673721313477,16.902673085530598,1.6213024855942655,0.0045871734619140625,0.02287504263979587,,0.05000000074505806,0.010000000000000002,-3.9914588133494058,0.0,100.0,1.0
36900,16.939556121826172,16.939555803934734,1.6586153226023115,0.013241449991861979,0.020398434045785112,,0.05000000074505806,0.010000000000000002,-10.96831480662028,0.0,100.0,1.0
37000,16.88660430908203,16.886605262756348,1.7906490437409925,-0.0016657511393229167,0.03833525611331995,-103.61625671386719,0.05000000074505806,0.010000000000000002,1.1436621348063152,0.0,100.0,1.0
37100,16.98967933654785,16.989679018656414,1.6800686172956163,-0.0004533131917317708,0.02752467390223166,,0.05000000074505806,0.010000000000000002,0.4490628242492676,0.0,100.00000762939453,1.0
37200,16.948076248168945,16.94807529449463,1.7304552141483842,-0.005039215087890625,0.030739288858453322,,0.05000000074505806,0.010000000000000002,3.665641943613688,0.0,100.0,1.0
37300,16.9498348236084,16.94983418782552,1.6815266606445982,0.009449640909830729,0.01856303931152455,,0.05000000074505806,0.010000000000000002,-8.04404067993164,0.0,100.0,1.0
37400,16.89423942565918,16.8942387898763,1.740579677310368,0.011596043904622396,0.017220787184083722,,0.05000000074505806,0.010000000000000002,-8.869603474934896,0.0,100.0,1.0
37500,16.97887420654297,16.978874524434406,1.6858642520639469,0.0073579152425130205,0.01772606758817036,,0.05000000074505806,0.010000000000000002,-6.242574373881022,0.0,100.0,1.0
37600,16.94752311706543,16.947522163391113,1.734818608565444,-0.002288818359375,0.04066110482585284,,0.05000000074505806,0.010000000000000002,1.2661431630452473,0.0,99.99999237060547,1.0
37700,16.98525047302246,16.98525047302246,1.722577356586728,0.003655115763346354,0.028765209704497773,,0.05000000074505806,0.010000000000000002,-2.532184918721517,0.0,100.0,1.0
37800,16.969188690185547,16.969186782836914,1.6410139160487442,0.002608617146809896,0.027666596106317873,,0.05000000074505806,0.010000000000000002,-2.027004877726237,0.0,100.0,1.0
37900,17.043487548828125,17.043487866719563,1.4926243902221452,0.008395512898763021,0.03212557036709037,,0.05000000074505806,0.010000000000000002,-6.720544815063477,0.0,100.0,1.0
38000,17.011249542236328,17.011249860127766,1.3970811008834458,0.009087880452473959,0.025045025937962262,-103.61625671386719,0.05000000074505806,0.010000000000000002,-7.500387767950694,0.0,100.0,1.0
38100,17.092975616455078,17.092973709106445,1.466422680573411,-0.02123578389485677,0.05274747281253121,,0.05000000074505806,0.010000000000000002,18.170973777770996,0.0,100.00000762939453,1.0
38200,17.087018966674805,17.087018648783367,1.4539128258765412,-0.012509028116861979,0.045184621365224296,,0.05000000074505806,0.010000000000000002,10.885978500048319,0.0,100.0,1.0
38300,17.07687759399414,17.076876958211262,1.479551337515716,-0.018417994181315105,0.06903229944758602,,0.05000000074505806,0.010000000000000002,15.642979303995768,0.0,99.99999237060547,1.0
38400,17.048675537109375,17.048675537109375,1.4085355495053977,0.013439178466796875,0.02976246743036427,,0.05000000074505806,0.010000000000000002,-10.716240247090658,0.0,100.00000762939453,1.0
38500,17.065990447998047,17.06598885854085,1.406177170635983,0.009037653605143229,0.0283206754494252,,0.05000000074505806,0.010000000000000002,-7.5447665850321455,0.0,100.0,1.0
38600,16.973175048828125,16.973174413045246,1.3724534562426123,0.011801401774088541,0.023403384694657903,,0.05000000074505806,0.010000000000000002,-9.479900360107422,0.0,100.0,1.0
38700,16.97097396850586,16.97097396850586,1.516785002876573,0.010585784912109375,0.029010711551144507,,0.05000000074505806,0.010000000000000002,-8.947861353556315,0.0,100.00000762939453,1.0
38800,16.95798110961914,16.957979202270508,1.3231923697158523,0.013696034749348959,0.010987647994254997,,0.05000000074505806,0.010000000000000002,-11.060679117838541,0.0,100.00000762939453,1.0
38900,16.8944091796875,16.894408226013184,1.3475301754566962,0.018007914225260418,0.019319142611429196,,0.05000000074505806,0.010000000000000002,-14.33232307434082,0.0,100.0,1.0
39000,16.877166748046875,16.877167065938313,1.1486216968846128,0.01692962646484375,0.01579413140027175,-103.61625671386719,0.05000000074505806,0.010000000000000002,-13.329928358395895,0.0,100.0,1.0
39100,16.94211196899414,16.942110061645508,0.9442567253848008,0.016663869222005207,0.0037058526855097327,,0.05000000074505806,0.010000000000000002,-13.36695130666097,0.0,100.0,1.0
39200,16.917142868041992,16.917142868041992,1.014810814748032,0.017622629801432293,0.002917267685432385,,0.05000000074505806,0.010000000000000002,-14.130698521931967,0.0,100.0,1.0
39300,17.121557235717773,17.121556599934895,1.018896564023256,0.017889658610026043,0.008704369100719584,,0.05000000074505806,0.010000000000000002,-14.358459313710531,0.0,100.0,1.0
39400,17.130451202392578,17.130449930826824,1.090229618220335,0.013988494873046875,0.009700410245751998,,0.05000000074505806,0.010000000000000002,-11.342795332272848,0.0,100.0,1.0
39500,17.207298278808594,17.207298278808594,1.1454023312200743,0.015549977620442709,0.006529164886544736,,0.05000000074505806,0.010000000000000002,-12.63218069076538,0.0,100.00000762939453,1.0
39600,17.278522491455078,17.278522491455078,1.0563054374353285,0.0103912353515625,0.0057211311456859485,,0.05000000074505806,0.010000000000000002,-8.415438095728556,0.0,99.99999237060547,1.0
39700,17.37526512145996,17.375263849894207,1.0105830646396685,0.014832178751627604,0.017514372695007413,,0.05000000074505806,0.010000000000000002,-11.843187173207602,0.0,100.0,1.0
39800,17.300376892089844,17.300376892089844,0.9708977059881022,0.01723035176595052,0.008359294551291922,,0.05000000074505806,0.010000000000000002,-14.08767032623291,0.0,100.00000762939453,1.0
39900,17.086746215820312,17.08674494425456,0.9540660682668846,0.020479838053385418,0.007581323551121465,,0.05000000074505806,0.010000000000000002,-16.708796819051106,0.0,100.0,1.0
40000,16.976520538330078,16.976521174112957,0.8901178923632804,0.0217742919921875,0.0006925488069221961,-103.61625671386719,0.05000000074505806,0.010000000000000002,-17.237951278686523,0.0,100.0,1.0
40100,17.09541130065918,17.09541130065918,0.92852058661365,0.02117474873860677,0.013295405313902504,,0.05000000074505806,0.010000000000000002,-17.49425435066223,0.0,100.00000762939453,1.0
40200,17.064289093017578,17.064289093017578,1.1465147968316125,0.021684010823567707,0.008846671073207461,,0.05000000074505806,0.010000000000000002,-17.603891372680664,0.0,100.0,1.0
40300,17.124225616455078,17.124225616455078,1.0533508267165503,0.016442616780598957,0.00839229949789957,,0.05000000074505806,0.010000000000000002,-13.178235530853271,0.0,100.0,1.0
40400,17.203243255615234,17.203243891398113,1.0468062168904817,0.016295750935872395,0.003869461299289567,,0.05000000074505806,0.010000000000000002,-13.119170188903809,0.0,100.00000762939453,1.0
40500,17.1119441986084,17.111942927042644,0.9041517180129698,0.018248240152994793,0.006509157707260274,,0.05000000074505806,0.010000000000000002,-14.486069679260254,0.0,100.0,1.0
40600,17.16197967529297,17.16197903951009,0.8203224838448699,0.01750946044921875,0.008186999048878957,,0.05000000074505806,0.010000000000000002,-14.181703408559164,0.0,99.99999237060547,1.0
40700,17.18026351928711,17.18026351928711,1.0554734766384826,0.014491399129231771,0.0014230553615533538,,0.05000000074505806,0.010000000000000002,-11.671102523803711,0.0,100.0,1.0
40800,17.216934204101562,17.216934204101562,1.0474758452314568,0.01778093973795573,0.004726165222588411,,0.05000000074505806,0.010000000000000002,-14.519405047098795,0.0,99.99999237060547,1.0
40900,17.18766212463379,17.18766148885091,1.0789941200681386,0.02152697245279948,0.010774286351906928,,0.05000000074505806,0.010000000000000002,-17.592148462931316,0.0,100.0,1.0
41000,17.235095977783203,17.23509470621745,0.9275695937306585,0.016053517659505207,0.009024883819664995,-103.61625671386719,0.05000000074505806,0.010000000000000002,-12.902498245239258,0.0,100.0,1.0
41100,17.208498001098633,17.20849672953288,1.0912483305749552,0.021100997924804688,0.014102979643972544,,0.05000000074505806,0.010000000000000002,-16.8950301806132,0.0,100.0,1.0
41200,17.137920379638672,17.137919108072918,1.090905135884555,0.021024068196614582,0.008187139218723006,,0.05000000074505806,0.010000000000000002,-17.115004539489746,0.0,100.00000762939453,1.0
41300,17.15958023071289,17.159579594930012,1.1959725775418146,0.014539082845052084,0.017090001086615843,,0.05000000074505806,0.010000000000000002,-11.907628456751505,0.0,99.99999237060547,1.0
41400,17.14309310913086,17.143091837565105,1.3202715936227003,0.024173736572265625,0.011363553635256188,,0.05000000074505806,0.010000000000000002,-19.45287291208903,0.0,99.99999237060547,1.0
41500,17.066057205200195,17.066056569417317,1.3262392569145696,0.01703961690266927,0.01800523001764637,,0.05000000074505806,0.010000000000000002,-13.550151586532593,0.0,100.00000762939453,1.0
41600,17.082324981689453,17.0823237101237,1.2386127820985986,0.023253122965494793,0.005905233166851214,,0.05000000074505806,0.010000000000000002,-18.65899880727132,0.0,100.0,1.0
41700,17.056432723999023,17.056432723999023,1.1862976676114951,0.025305430094401043,0.0037962049915721136,,0.05000000074505806,0.010000000000000002,-19.860506693522137,0.0,100.0,1.0
41800,17.128726959228516,17.128726323445637,1.0276239825322664,0.015993118286132812,0.008008321782476827,,0.05000000074505806,0.010000000000000002,-13.091156323750814,0.0,99.99999237060547,1.0
41900,17.143272399902344,17.14327271779378,1.1781614973752588,0.013493855794270834,0.005577534722744917,,0.05000000074505806,0.010000000000000002,-10.852158864339193,0.0,100.0,1.0
42000,17.164875030517578,17.16487407684326,1.288231146237608,0.015240351359049479,0.004022992810468969,-103.61625671386719,0.05000000074505806,0.010000000000000002,-12.280215899149576,0.0,99.99999237060547,1.0
42100,17.163259506225586,17.163258234659832,1.2222014653396402,0.021375020345052082,0.012748992426661367,,0.05000000074505806,0.010000000000000002,-17.361342430114746,0.0,100.00000762939453,1.0
42200,17.042743682861328,17.042744318644207,1.1082903302183127,0.026194254557291668,0.006549855262263026,,0.05000000074505806,0.010000000000000002,-20.996092796325684,0.0,99.99999237060547,1.0
42300,17.16600799560547,17.16600799560547,0.9836146072306675,0.022134780883789062,0.01806077521704054,,0.05000000074505806,0.010000000000000002,-17.836031039555866,0.0,99.99999237060547,1.0
42400,17.12633514404297,17.12633514404297,0.8198428483135202,0.025339126586914062,0.014262050913576923,,0.05000000074505806,0.010000000000000002,-20.673675537109375,0.0,99.99999237060547,1.0
42500,17.125244140625,17.12524350484212,0.9759909884931804,0.01924896240234375,0.0050681302782024686,,0.05000000074505806,0.010000000000000002,-15.665252049763998,0.0,100.0,1.0
42600,17.252273559570312,17.252273559570312,0.914326144207992,0.01766522725423177,0.0021524778384009926,,0.05000000074505806,0.010000000000000002,-14.133644104003906,0.0,100.00000762939453,1.0
42700,17.314552307128906,17.314552307128906,0.821031654036181,0.02446746826171875,0.004509582359907881,,0.05000000074505806,0.010000000000000002,-19.88084602355957,0.0,100.0,1.0
42800,17.20450210571289,17.204500198364258,0.8364436301207467,0.02248700459798177,0.011884554626493793,,0.05000000074505806,0.010000000000000002,-17.787112712860107,0.0,99.99999237060547,1.0
42900,17.128196716308594,17.128196716308594,0.9701955146228303,0.022596359252929688,0.01654194701707574,,0.05000000074505806,0.010000000000000002,-18.307296911875408,0.0,99.99999237060547,1.0
43000,17.119943618774414,17.11994234720866,0.8790206325686619,0.022623062133789062,0.007669144553006107,-103.61625671386719,0.05000000074505806,0.010000000000000002,-18.41434892018636,0.0,100.0,1.0
43100,17.143585205078125,17.143584569295246,0.8705811699912439,0.016315460205078125,0.0012506894790492277,,0.05000000074505806,0.010000000000000002,-13.477959950764975,0.0,100.0,1.0
43200,17.22258758544922,17.22258758544922,0.8483446491964307,0.01605224609375,0.01318686975878322,,0.05000000074505806,0.010000000000000002,-12.902309974034628,0.0,100.00000762939453,1.0
43300,17.386825561523438,17.386825561523438,0.6716322332758234,0.010487238566080729,0.003975290490984586,,0.05000000074505806,0.010000000000000002,-8.40626605351766,0.0,100.0,1.0
43400,17.35495948791504,17.354958216349285,0.6424287706403962,0.0172119140625,0.004054878749051145,,0.05000000074505806,0.010000000000000002,-13.858455022176107,0.0,99.99999237060547,1.0
43500,17.350919723510742,17.350919723510742,0.666737012331053,0.021294911702473957,0.007688167269090213,,0.05000000074505806,0.010000000000000002,-17.190726280212402,0.0,100.0,1.0
43600,17.397192001342773,17.397191365559895,0.819688621640309,0.021006266276041668,0.005818329688547597,,0.05000000074505806,0.010000000000000002,-16.728069305419922,0.0,100.00000762939453,1.0
43700,17.381641387939453,17.38163948059082,0.7851314030433957,0.021280288696289062,0.007713675844392438,,0.05000000074505806,0.010000000000000002,-17.175594965616863,0.0,100.0,1.0
43800,17.403486251831055,17.403486251831055,0.6035006032389814,0.017988840738932293,0.011130637346842285,,0.05000000074505806,0.010000000000000002,-14.480709234873453,0.0,100.0,1.0
43900,17.26272964477539,17.26272964477539,0.5705045563195039,0.021683375040690105,0.021046913609246907,,0.05000000074505806,0.010000000000000002,-17.368077278137207,0.0,99.99999237060547,1.0
44000,17.303485870361328,17.303484598795574,0.5102850295946392,0.021537144978841145,0.007796732371034929,-103.61625671386719,0.05000000074505806,0.010000000000000002,-17.588473637898762,0.0,100.00000762939453,1.0
44100,17.29198455810547,17.291985193888348,0.6087402554627132,0.019695281982421875,0.007811027129730477,,0.05000000074505806,0.010000000000000002,-15.943341414133707,0.0,99.99999237060547,1.0
44200,17.408058166503906,17.408058802286785,0.6825744003815851,0.020746231079101562,0.004343638003090273,,0.05000000074505806,0.010000000000000002,-16.46912384033203,0.0,99.99999237060547,1.0
44300,17.371051788330078,17.371052424112957,0.4216859996442629,0.019913991292317707,0.017284823474775828,,0.05000000074505806,0.010000000000000002,-15.931519826253256,0.0,99.99999237060547,1.0
44400,17.514867782592773,17.514867146809895,0.3825461474267945,0.022953033447265625,0.009355018450544098,,0.05000000074505806,0.010000000000000002,-18.703661282857258,0.0,100.0,1.0
44500,17.52869415283203,17.528692881266277,0.5773123764718424,0.023668924967447918,0.011254250478381394,,0.05000000074505806,0.010000000000000002,-18.827184677124023,0.0,100.0,1.0
44600,17.48812484741211,17.488122940063477,0.6492212464073416,0.0244140625,0.009931629105726605,,0.05000000074505806,0.010000000000000002,-19.563388506571453,0.0,100.0,1.0
44700,17.42302703857422,17.42302703857422,0.7561792826841688,0.018040974934895832,0.007455998181232564,,0.05000000074505806,0.010000000000000002,-14.71589962641398,0.0,99.99999237060547,1.0
44800,17.581289291381836,17.581288655598957,0.8359850494923687,0.022369384765625,0.005545793843723046,,0.05000000074505806,0.010000000000000002,-17.946537017822266,0.0,100.00000762939453,1.0
44900,17.560157775878906,17.560157775878906,0.6169122813468587,0.019330978393554688,0.027557474477995975,,0.05000000074505806,0.010000000000000002,-15.564971288045248,0.0,100.0,1.0
45000,17.53424072265625,17.53424135843913,0.37798036833629217,0.028683980305989582,0.01701113831555686,-103.61625671386719,0.05000000074505806,0.010000000000000002,-23.670151074727375,0.0,100.00000762939453,1.0
45100,17.542953491210938,17.542952219645183,0.44569562257976714,0.021416346232096355,0.02697358447345686,,0.05000000074505806,0.010000000000000002,-17.714832444985706,0.0,100.00000762939453,1.0
45200,17.59187126159668,17.591869990030926,0.6029445281968523,0.02317047119140625,0.019710244903204333,,0.05000000074505806,0.010000000000000002,-18.676782647768658,0.0,100.00000762939453,1.0
45300,17.51154899597168,17.51154899597168,0.6584416573296624,0.01750946044921875,0.010008689170230917,,0.05000000074505806,0.010000000000000002,-14.278302669525146,0.0,100.0,1.0
45400,17.464462280273438,17.46446164449056,0.7983907802975082,0.022513707478841145,0.0024588608323881872,,0.05000000074505806,0.010000000000000002,-17.89224624633789,0.0,99.99999237060547,1.0
45500,17.510589599609375,17.510590235392254,0.6464734340080518,0.027463912963867188,0.00810408215913929,,0.05000000074505806,0.010000000000000002,-21.88094202677409,0.0,100.0,1.0
45600,17.50680923461914,17.506808598836262,0.6306648947118699,0.025783538818359375,0.00953951464754034,,0.05000000074505806,0.010000000000000002,-20.563827832539875,0.0,99.99999237060547,1.0
45700,17.420804977416992,17.420804341634113,0.7344878340049429,0.02297655741373698,0.00441567791635847,,0.05000000074505806,0.010000000000000002,-18.77538267771403,0.0,100.00000762939453,1.0
45800,17.432117462158203,17.432117462158203,0.8538484882869244,0.01823870340983073,0.00592594861282092,,0.05000000074505806,0.010000000000000002,-14.77898915608724,0.0,100.00000762939453,1.0
45900,17.390336990356445,17.390336354573567,0.8416547482957626,0.01849047342936198,0.00670287672850252,,0.05000000074505806,0.010000000000000002,-15.216411908467611,0.0,100.00000762939453,1.0
46000,17.38441276550293,17.384411493937176,0.6985578501729492,0.021792093912760418,0.0019550489926340444,-103.61625671386719,0.05000000074505806,0.010000000000000002,-17.79564921061198,0.0,99.99999237060547,1.0
46100,17.4605655670166,17.460564931233723,0.8943934430243821,0.018653233846028645,0.005662910346070185,,0.05000000074505806,0.010000000000000002,-15.075780232747396,0.0,100.0,1.0
46200,17.387470245361328,17.387470245361328,0.8513356838362844,0.017495473225911457,0.002006048024379971,,0.05000000074505806,0.010000000000000002,-14.033687273661295,0.0,100.00000762939453,1.0
46300,17.321678161621094,17.321678797403973,1.004630735162108,0.018098831176757812,0.0032482354414901196,,0.05000000074505806,0.010000000000000002,-14.45263957977295,0.0,100.0,1.0
46400,17.31346893310547,17.313467661539715,1.2115183401240273,0.013907750447591146,0.00735509515637091,,0.05000000074505806,0.010000000000000002,-11.297119696935018,0.0,99.99999237060547,1.0
46500,17.298322677612305,17.29832172393799,1.1894324227365565,0.015895843505859375,0.0010503806615239652,,0.05000000074505806,0.010000000000000002,-12.706883430480957,0.0,100.00000762939453,1.0
46600,17.284507751464844,17.284507115681965,1.139228157823329,0.014820098876953125,0.006547954802620189,,0.05000000074505806,0.010000000000000002,-11.921209017435709,0.0,100.0,1.0
46700,17.32480239868164,17.32480239868164,1.2184694278926806,0.014995574951171875,0.015130232951946605,,0.05000000074505806,0.010000000000000002,-12.223149140675863,0.0,99.99999237060547,1.0
46800,17.369333267211914,17.369333267211914,1.090853562654881,0.017223358154296875,0.0020278808912950327,,0.05000000074505806,0.010000000000000002,-14.056299527486166,0.0,100.0,1.0
46900,17.371349334716797,17.3713477452596,1.1707150553155776,0.012181599934895834,0.0027127001019349953,,0.05000000074505806,0.010000000000000002,-9.78654146194458,0.0,100.0,1.0
47000,17.304059982299805,17.30405839284261,1.2824309989257756,0.011579513549804688,0.003150616645391383,-103.61625671386719,0.05000000074505806,0.010000000000000002,-9.258613586425781,0.0,100.00000762939453,1.0
47100,17.272184371948242,17.272183736165363,1.2443466106195749,0.015628814697265625,0.00167205916839434,,0.05000000074505806,0.010000000000000002,-12.600456873575846,0.0,99.99999237060547,1.0
47200,17.278438568115234,17.27843729654948,1.290619795745781,0.012828826904296875,0.0044357871065156314,,0.05000000074505806,0.010000000000000002,-10.353979587554932,0.0,100.0,1.0
47300,17.28665542602539,17.28665542602539,1.3550113587717483,0.014508565266927084,0.007126190981747279,,0.05000000074505806,0.010000000000000002,-11.669179677963257,0.0,100.0,1.0
47400,17.237844467163086,17.237844467163086,1.3927523937963646,0.017251332600911457,0.00295862598730927,,0.05000000074505806,0.010000000000000002,-13.761087417602539,0.0,100.00000762939453,1.0
47500,17.1973934173584,17.19739278157552,1.417952785355868,0.014555613199869791,0.008155436209770902,,0.05000000074505806,0.010000000000000002,-11.98158343633016,0.0,100.0,1.0
47600,17.206632614135742,17.206631342569988,1.3386373466014683,0.014956156412760416,0.0038118180959650977,,0.05000000074505806,0.010000000000000002,-12.109427134195963,0.0,100.00000762939453,1.0
47700,17.256858825683594,17.256859461466473,1.3952182140026976,0.014984766642252604,0.007677332371730477,,0.05000000074505806,0.010000000000000002,-12.259533564249674,0.0,100.0,1.0
47800,17.232772827148438,17.23277219136556,1.3049043415815866,0.014752070109049479,0.008492464926707148,,0.05000000074505806,0.010000000000000002,-11.664859612782797,0.0,100.0,1.0
47900,17.09776496887207,17.097764650980633,1.290884063884481,0.011045455932617188,0.004704374260327153,,0.05000000074505806,0.010000000000000002,-8.843701203664144,0.0,100.00000762939453,1.0
48000,17.141637802124023,17.141637484232586,1.2891225216375644,0.011547724405924479,0.004655891363281122,-103.61625671386719,0.05000000074505806,0.010000000000000002,-9.484895865122477,0.0,100.0,1.0
48100,17.06386375427246,17.063863436381023,1.290432320966336,0.017064412434895832,0.012157860741896863,,0.05000000074505806,0.010000000000000002,-13.91085147857666,0.0,99.99999237060547,1.0
48200,17.04842758178711,17.048426310221355,1.4854803660472218,0.019986470540364582,0.007856445551889966,,0.05000000074505806,0.010000000000000002,-16.011294682820637,0.0,100.00000762939453,1.0
48300,17.070791244506836,17.0707909266154,1.3963092112333964,0.01955095926920573,0.003479777054085302,,0.05000000074505806,0.010000000000000002,-15.68215529123942,0.0,100.0,1.0
48400,17.091638565063477,17.091638565063477,1.4556472115554204,0.015188852945963541,0.007061263675656518,,0.05000000074505806,0.010000000000000002,-12.54532766342163,0.0,100.0,1.0
48500,17.274625778198242,17.274624188741047,1.290555720170028,0.013031005859375,0.009004916302659339,,0.05000000074505806,0.010000000000000002,-10.495982786019644,0.0,100.00000762939453,1.0
48600,17.44835662841797,17.448357264200848,1.2697811042045342,0.013825098673502604,0.010226820176894252,,0.05000000074505806,0.010000000000000002,-11.113370339075724,0.0,99.99999237060547,1.0
48700,17.399282455444336,17.399282455444336,1.4026224239975826,0.010136922200520834,0.005121848789171837,,0.05000000074505806,0.010000000000000002,-8.06336776415507,0.0,99.99999237060547,1.0
48800,17.187744140625,17.187743822733562,1.20031423671714,0.010678609212239584,0.004031360908401083,,0.05000000074505806,0.010000000000000002,-8.765711943308512,0.0,100.00000762939453,1.0
48900,17.0194091796875,17.019407908121746,1.1627185217870448,0.012109120686848959,0.003817968978833964,,0.05000000074505806,0.010000000000000002,-9.994367440541586,0.0,100.0,1.0
49000,16.993213653564453,16.993214289347332,1.1438119441275096,0.011455535888671875,0.001977517379045327,-103.61625671386719,0.05000000074505806,0.010000000000000002,-9.094366550445557,0.0,100.0,1.0
49100,17.017986297607422,17.01798661549886,1.3290564672556604,0.012013117472330729,0.0044728244084312144,,0.05000000074505806,0.010000000000000002,-9.76283597946167,0.0,100.0,1.0
49200,17.064292907714844,17.06429163614909,1.0912386404506529,0.009360631306966146,0.008742470885418246,,0.05000000074505806,0.010000000000000002,-7.606401234865189,0.0,100.0,1.0
49300,17.042888641357422,17.042888005574543,1.1982368035663287,0.008447011311848959,0.004362197181516392,,0.05000000074505806,0.010000000000000002,-6.832399288813273,0.0,100.0,1.0
49400,16.953405380249023,16.953405380249023,1.2701341392175898,0.012056350708007812,0.007751840922726703,,0.05000000074505806,0.010000000000000002,-9.56112273534139,0.0,100.00000762939453,1.0
49500,16.94422149658203,16.9442195892334,1.422788978799184,0.014755884806315104,0.009162818969362553,,0.05000000074505806,0.010000000000000002,-11.77739397684733,0.0,100.00000762939453,1.0
49600,16.903850555419922,16.90384864807129,1.250274873274872,0.008648554484049479,0.004500151151414275,,0.05000000074505806,0.010000000000000002,-6.819884220759074,0.0,100.0,1.0
49700,16.83658218383789,16.836580912272137,1.443001840075715,0.015814463297526043,0.0053200477820146835,,0.05000000074505806,0.010000000000000002,-12.941227277119955,0.0,100.0,1.0
49800,16.845306396484375,16.84530544281006,1.6056702554856217,0.013162612915039062,0.007169727823713324,,0.05000000074505806,0.010000000000000002,-10.48431666692098,0.0,100.00000762939453,1.0
49900,16.994905471801758,16.99490451812744,1.6899052729615578,0.013729731241861979,0.016425407318064005,,0.05000000074505806,0.010000000000000002,-10.899595816930136,0.0,100.00000762939453,1.0
49999,16.906583786010742,16.906583786010742,1.7728684051101504,0.008911768595377604,0.019475179790418847,,0.05000000074505806,0.010000000000000002,-6.893208185831706,0.0,100.00000762939453,1.0
